## Footprint report - date 2025-11-19T13:44:21+0300
## Created by KiCad version 9.0.2
## Unit = mm, Angle = deg.

$BeginDESCRIPTION

$BOARD
upper_left_corner 13.100000 12.620000
lower_right_corner 282.195707 169.813000
$EndBOARD

$MODULE BZ1
footprint Buzzer_Beeper:MagneticBuzzer_ProSignal_ABT-410-RC
attribut none
position 159.920000 81.450000  orientation 180.00
layer front
$PAD "1"
Shape Rect Layer both
position  0.000000  0.000000  size  1.600000  1.600000  orientation 0.00
drill  1.000000
shape_offset  0.000000  0.000000
$EndPAD
$PAD "2"
Shape Circle Layer both
position  6.500000  0.000000  size  1.600000  1.600000  orientation 0.00
drill  1.000000
shape_offset  0.000000  0.000000
$EndPAD
$EndMODULE  BZ1

$MODULE C1
footprint Capacitor_SMD:C_1206_3216Metric
attribut smd
position 112.830000 135.555000  orientation -90.00
layer front
$PAD "1"
Shape Roundrect Layer front
position -1.475000  0.000000  size  1.150000  1.800000  orientation 360.00
drill  0.000000
shape_offset  0.000000  0.000000
$EndPAD
$PAD "2"
Shape Roundrect Layer front
position  1.475000  0.000000  size  1.150000  1.800000  orientation 360.00
drill  0.000000
shape_offset  0.000000  0.000000
$EndPAD
$EndMODULE  C1

$MODULE C2
footprint Capacitor_SMD:C_0603_1608Metric
attribut smd
position 114.800000 134.955000  orientation -90.00
layer front
$PAD "1"
Shape Roundrect Layer front
position -0.775000  0.000000  size  0.900000  0.950000  orientation 360.00
drill  0.000000
shape_offset  0.000000  0.000000
$EndPAD
$PAD "2"
Shape Roundrect Layer front
position  0.775000  0.000000  size  0.900000  0.950000  orientation 360.00
drill  0.000000
shape_offset  0.000000  0.000000
$EndPAD
$EndMODULE  C2

$MODULE C3
footprint Capacitor_SMD:C_1206_3216Metric
attribut smd
position 117.300000 135.725000  orientation -90.00
layer front
$PAD "1"
Shape Roundrect Layer front
position -1.475000  0.000000  size  1.150000  1.800000  orientation 360.00
drill  0.000000
shape_offset  0.000000  0.000000
$EndPAD
$PAD "2"
Shape Roundrect Layer front
position  1.475000  0.000000  size  1.150000  1.800000  orientation 360.00
drill  0.000000
shape_offset  0.000000  0.000000
$EndPAD
$EndMODULE  C3

$MODULE C4
footprint Capacitor_SMD:C_0805_2012Metric
attribut smd
position 119.480000 135.145000  orientation -90.00
layer front
$PAD "1"
Shape Roundrect Layer front
position -0.950000  0.000000  size  1.000000  1.450000  orientation 360.00
drill  0.000000
shape_offset  0.000000  0.000000
$EndPAD
$PAD "2"
Shape Roundrect Layer front
position  0.950000  0.000000  size  1.000000  1.450000  orientation 360.00
drill  0.000000
shape_offset  0.000000  0.000000
$EndPAD
$EndMODULE  C4

$MODULE C5
footprint Capacitor_SMD:C_1206_3216Metric
attribut smd
position 121.680000 135.745000  orientation -90.00
layer front
$PAD "1"
Shape Roundrect Layer front
position -1.475000  0.000000  size  1.150000  1.800000  orientation 360.00
drill  0.000000
shape_offset  0.000000  0.000000
$EndPAD
$PAD "2"
Shape Roundrect Layer front
position  1.475000  0.000000  size  1.150000  1.800000  orientation 360.00
drill  0.000000
shape_offset  0.000000  0.000000
$EndPAD
$EndMODULE  C5

$MODULE C6
footprint Capacitor_SMD:C_0805_2012Metric
attribut smd
position 123.590000 142.390000  orientation 180.00
layer front
$PAD "1"
Shape Roundrect Layer front
position -0.950000  0.000000  size  1.000000  1.450000  orientation 0.00
drill  0.000000
shape_offset  0.000000  0.000000
$EndPAD
$PAD "2"
Shape Roundrect Layer front
position  0.950000  0.000000  size  1.000000  1.450000  orientation 0.00
drill  0.000000
shape_offset  0.000000  0.000000
$EndPAD
$EndMODULE  C6

$MODULE C7
footprint Capacitor_SMD:C_1206_3216Metric
attribut smd
position 123.360000 140.190000  orientation 180.00
layer front
$PAD "1"
Shape Roundrect Layer front
position -1.475000  0.000000  size  1.150000  1.800000  orientation 0.00
drill  0.000000
shape_offset  0.000000  0.000000
$EndPAD
$PAD "2"
Shape Roundrect Layer front
position  1.475000  0.000000  size  1.150000  1.800000  orientation 0.00
drill  0.000000
shape_offset  0.000000  0.000000
$EndPAD
$EndMODULE  C7

$MODULE C8
footprint Capacitor_SMD:C_0805_2012Metric
attribut smd
position 123.680000 129.545000  orientation 0.00
layer front
$PAD "1"
Shape Roundrect Layer front
position -0.950000  0.000000  size  1.000000  1.450000  orientation 0.00
drill  0.000000
shape_offset  0.000000  0.000000
$EndPAD
$PAD "2"
Shape Roundrect Layer front
position  0.950000  0.000000  size  1.000000  1.450000  orientation 0.00
drill  0.000000
shape_offset  0.000000  0.000000
$EndPAD
$EndMODULE  C8

$MODULE C9
footprint Capacitor_SMD:C_0603_1608Metric
attribut smd
position 110.490000 131.545000  orientation -90.00
layer front
$PAD "1"
Shape Roundrect Layer front
position -0.775000  0.000000  size  0.900000  0.950000  orientation 360.00
drill  0.000000
shape_offset  0.000000  0.000000
$EndPAD
$PAD "2"
Shape Roundrect Layer front
position  0.775000  0.000000  size  0.900000  0.950000  orientation 360.00
drill  0.000000
shape_offset  0.000000  0.000000
$EndPAD
$EndMODULE  C9

$MODULE C10
footprint Capacitor_SMD:C_0603_1608Metric
attribut smd
position 110.490000 128.305000  orientation 90.00
layer front
$PAD "1"
Shape Roundrect Layer front
position -0.775000  0.000000  size  0.900000  0.950000  orientation 0.00
drill  0.000000
shape_offset  0.000000  0.000000
$EndPAD
$PAD "2"
Shape Roundrect Layer front
position  0.775000  0.000000  size  0.900000  0.950000  orientation 0.00
drill  0.000000
shape_offset  0.000000  0.000000
$EndPAD
$EndMODULE  C10

$MODULE C11
footprint Capacitor_SMD:C_0805_2012Metric
attribut smd
position 107.150000 136.105000  orientation 90.00
layer front
$PAD "1"
Shape Roundrect Layer front
position -0.950000  0.000000  size  1.000000  1.450000  orientation 0.00
drill  0.000000
shape_offset  0.000000  0.000000
$EndPAD
$PAD "2"
Shape Roundrect Layer front
position  0.950000  0.000000  size  1.000000  1.450000  orientation 0.00
drill  0.000000
shape_offset  0.000000  0.000000
$EndPAD
$EndMODULE  C11

$MODULE C12
footprint Capacitor_SMD:C_0805_2012Metric
attribut smd
position 135.080000 139.490000  orientation 180.00
layer front
$PAD "1"
Shape Roundrect Layer front
position -0.950000  0.000000  size  1.000000  1.450000  orientation 0.00
drill  0.000000
shape_offset  0.000000  0.000000
$EndPAD
$PAD "2"
Shape Roundrect Layer front
position  0.950000  0.000000  size  1.000000  1.450000  orientation 0.00
drill  0.000000
shape_offset  0.000000  0.000000
$EndPAD
$EndMODULE  C12

$MODULE C14
footprint Capacitor_SMD:C_0603_1608Metric
attribut smd
position 136.730000 136.150000  orientation 180.00
layer front
$PAD "1"
Shape Roundrect Layer front
position -0.775000  0.000000  size  0.900000  0.950000  orientation 0.00
drill  0.000000
shape_offset  0.000000  0.000000
$EndPAD
$PAD "2"
Shape Roundrect Layer front
position  0.775000  0.000000  size  0.900000  0.950000  orientation 0.00
drill  0.000000
shape_offset  0.000000  0.000000
$EndPAD
$EndMODULE  C14

$MODULE C15
footprint Capacitor_SMD:C_1206_3216Metric
attribut smd
position 145.020000 136.680000  orientation -90.00
layer front
$PAD "1"
Shape Roundrect Layer front
position -1.475000  0.000000  size  1.150000  1.800000  orientation 360.00
drill  0.000000
shape_offset  0.000000  0.000000
$EndPAD
$PAD "2"
Shape Roundrect Layer front
position  1.475000  0.000000  size  1.150000  1.800000  orientation 360.00
drill  0.000000
shape_offset  0.000000  0.000000
$EndPAD
$EndMODULE  C15

$MODULE C16
footprint Capacitor_SMD:C_1206_3216Metric
attribut smd
position 142.630000 136.680000  orientation -90.00
layer front
$PAD "1"
Shape Roundrect Layer front
position -1.475000  0.000000  size  1.150000  1.800000  orientation 360.00
drill  0.000000
shape_offset  0.000000  0.000000
$EndPAD
$PAD "2"
Shape Roundrect Layer front
position  1.475000  0.000000  size  1.150000  1.800000  orientation 360.00
drill  0.000000
shape_offset  0.000000  0.000000
$EndPAD
$EndMODULE  C16

$MODULE C17
footprint Capacitor_SMD:C_0603_1608Metric
attribut smd
position 136.740000 137.690000  orientation 180.00
layer front
$PAD "1"
Shape Roundrect Layer front
position -0.775000  0.000000  size  0.900000  0.950000  orientation 0.00
drill  0.000000
shape_offset  0.000000  0.000000
$EndPAD
$PAD "2"
Shape Roundrect Layer front
position  0.775000  0.000000  size  0.900000  0.950000  orientation 0.00
drill  0.000000
shape_offset  0.000000  0.000000
$EndPAD
$EndMODULE  C17

$MODULE C18
footprint Capacitor_SMD:C_1206_3216Metric
attribut smd
position 142.050000 132.070000  orientation 0.00
layer back
$PAD "1"
Shape Roundrect Layer back
position -1.475000  0.000000  size  1.150000  1.800000  orientation 0.00
drill  0.000000
shape_offset  0.000000  0.000000
$EndPAD
$PAD "2"
Shape Roundrect Layer back
position  1.475000  0.000000  size  1.150000  1.800000  orientation 0.00
drill  0.000000
shape_offset  0.000000  0.000000
$EndPAD
$EndMODULE  C18

$MODULE C19
footprint Capacitor_SMD:C_1206_3216Metric
attribut smd
position 147.530000 135.700000  orientation -90.00
layer back
$PAD "1"
Shape Roundrect Layer back
position -1.475000  0.000000  size  1.150000  1.800000  orientation 360.00
drill  0.000000
shape_offset  0.000000  0.000000
$EndPAD
$PAD "2"
Shape Roundrect Layer back
position  1.475000  0.000000  size  1.150000  1.800000  orientation 360.00
drill  0.000000
shape_offset  0.000000  0.000000
$EndPAD
$EndMODULE  C19

$MODULE C20
footprint Capacitor_SMD:C_0805_2012Metric
attribut smd
position 151.960000 132.750000  orientation -90.00
layer front
$PAD "1"
Shape Roundrect Layer front
position -0.950000  0.000000  size  1.000000  1.450000  orientation 360.00
drill  0.000000
shape_offset  0.000000  0.000000
$EndPAD
$PAD "2"
Shape Roundrect Layer front
position  0.950000  0.000000  size  1.000000  1.450000  orientation 360.00
drill  0.000000
shape_offset  0.000000  0.000000
$EndPAD
$EndMODULE  C20

$MODULE C21
footprint Capacitor_SMD:C_1206_3216Metric
attribut smd
position 149.730000 133.300000  orientation -90.00
layer front
$PAD "1"
Shape Roundrect Layer front
position -1.475000  0.000000  size  1.150000  1.800000  orientation 360.00
drill  0.000000
shape_offset  0.000000  0.000000
$EndPAD
$PAD "2"
Shape Roundrect Layer front
position  1.475000  0.000000  size  1.150000  1.800000  orientation 360.00
drill  0.000000
shape_offset  0.000000  0.000000
$EndPAD
$EndMODULE  C21

$MODULE C22
footprint Capacitor_SMD:C_0603_1608Metric
attribut smd
position 136.880000 122.680000  orientation 90.00
layer front
$PAD "1"
Shape Roundrect Layer front
position -0.775000  0.000000  size  0.900000  0.950000  orientation 0.00
drill  0.000000
shape_offset  0.000000  0.000000
$EndPAD
$PAD "2"
Shape Roundrect Layer front
position  0.775000  0.000000  size  0.900000  0.950000  orientation 0.00
drill  0.000000
shape_offset  0.000000  0.000000
$EndPAD
$EndMODULE  C22

$MODULE C23
footprint Capacitor_SMD:C_0603_1608Metric
attribut smd
position 148.935000 122.380000  orientation 0.00
layer front
$PAD "1"
Shape Roundrect Layer front
position -0.775000  0.000000  size  0.900000  0.950000  orientation 0.00
drill  0.000000
shape_offset  0.000000  0.000000
$EndPAD
$PAD "2"
Shape Roundrect Layer front
position  0.775000  0.000000  size  0.900000  0.950000  orientation 0.00
drill  0.000000
shape_offset  0.000000  0.000000
$EndPAD
$EndMODULE  C23

$MODULE C24
footprint Capacitor_SMD:C_0603_1608Metric
attribut smd
position 156.630000 111.410000  orientation 90.00
layer front
$PAD "1"
Shape Roundrect Layer front
position -0.775000  0.000000  size  0.900000  0.950000  orientation 0.00
drill  0.000000
shape_offset  0.000000  0.000000
$EndPAD
$PAD "2"
Shape Roundrect Layer front
position  0.775000  0.000000  size  0.900000  0.950000  orientation 0.00
drill  0.000000
shape_offset  0.000000  0.000000
$EndPAD
$EndMODULE  C24

$MODULE C25
footprint Capacitor_SMD:C_0603_1608Metric
attribut smd
position 131.340000 119.485000  orientation 90.00
layer front
$PAD "1"
Shape Roundrect Layer front
position -0.775000  0.000000  size  0.900000  0.950000  orientation 0.00
drill  0.000000
shape_offset  0.000000  0.000000
$EndPAD
$PAD "2"
Shape Roundrect Layer front
position  0.775000  0.000000  size  0.900000  0.950000  orientation 0.00
drill  0.000000
shape_offset  0.000000  0.000000
$EndPAD
$EndMODULE  C25

$MODULE C26
footprint Capacitor_SMD:C_0603_1608Metric
attribut smd
position 130.205000 111.450000  orientation 0.00
layer front
$PAD "1"
Shape Roundrect Layer front
position -0.775000  0.000000  size  0.900000  0.950000  orientation 0.00
drill  0.000000
shape_offset  0.000000  0.000000
$EndPAD
$PAD "2"
Shape Roundrect Layer front
position  0.775000  0.000000  size  0.900000  0.950000  orientation 0.00
drill  0.000000
shape_offset  0.000000  0.000000
$EndPAD
$EndMODULE  C26

$MODULE C27
footprint Capacitor_SMD:C_0603_1608Metric
attribut smd
position 142.490000 96.520000  orientation 180.00
layer front
$PAD "1"
Shape Roundrect Layer front
position -0.775000  0.000000  size  0.900000  0.950000  orientation 0.00
drill  0.000000
shape_offset  0.000000  0.000000
$EndPAD
$PAD "2"
Shape Roundrect Layer front
position  0.775000  0.000000  size  0.900000  0.950000  orientation 0.00
drill  0.000000
shape_offset  0.000000  0.000000
$EndPAD
$EndMODULE  C27

$MODULE C28
footprint Capacitor_SMD:C_0603_1608Metric
attribut smd
position 147.270000 95.650000  orientation -90.00
layer front
$PAD "1"
Shape Roundrect Layer front
position -0.775000  0.000000  size  0.900000  0.950000  orientation 360.00
drill  0.000000
shape_offset  0.000000  0.000000
$EndPAD
$PAD "2"
Shape Roundrect Layer front
position  0.775000  0.000000  size  0.900000  0.950000  orientation 360.00
drill  0.000000
shape_offset  0.000000  0.000000
$EndPAD
$EndMODULE  C28

$MODULE C29
footprint Capacitor_SMD:C_0603_1608Metric
attribut smd
position 157.050000 98.950000  orientation -90.00
layer front
$PAD "1"
Shape Roundrect Layer front
position -0.775000  0.000000  size  0.900000  0.950000  orientation 360.00
drill  0.000000
shape_offset  0.000000  0.000000
$EndPAD
$PAD "2"
Shape Roundrect Layer front
position  0.775000  0.000000  size  0.900000  0.950000  orientation 360.00
drill  0.000000
shape_offset  0.000000  0.000000
$EndPAD
$EndMODULE  C29

$MODULE C30
footprint Capacitor_SMD:C_0603_1608Metric
attribut smd
position 156.953410 117.717075  orientation 90.00
layer front
$PAD "1"
Shape Roundrect Layer front
position -0.775000  0.000000  size  0.900000  0.950000  orientation 0.00
drill  0.000000
shape_offset  0.000000  0.000000
$EndPAD
$PAD "2"
Shape Roundrect Layer front
position  0.775000  0.000000  size  0.900000  0.950000  orientation 0.00
drill  0.000000
shape_offset  0.000000  0.000000
$EndPAD
$EndMODULE  C30

$MODULE C31
footprint Capacitor_SMD:C_0603_1608Metric
attribut smd
position 142.570000 123.000000  orientation 90.00
layer front
$PAD "1"
Shape Roundrect Layer front
position -0.775000  0.000000  size  0.900000  0.950000  orientation 0.00
drill  0.000000
shape_offset  0.000000  0.000000
$EndPAD
$PAD "2"
Shape Roundrect Layer front
position  0.775000  0.000000  size  0.900000  0.950000  orientation 0.00
drill  0.000000
shape_offset  0.000000  0.000000
$EndPAD
$EndMODULE  C31

$MODULE C32
footprint Capacitor_SMD:C_0603_1608Metric
attribut smd
position 131.500000 105.660000  orientation -90.00
layer front
$PAD "1"
Shape Roundrect Layer front
position -0.775000  0.000000  size  0.900000  0.950000  orientation 360.00
drill  0.000000
shape_offset  0.000000  0.000000
$EndPAD
$PAD "2"
Shape Roundrect Layer front
position  0.775000  0.000000  size  0.900000  0.950000  orientation 360.00
drill  0.000000
shape_offset  0.000000  0.000000
$EndPAD
$EndMODULE  C32

$MODULE C33
footprint Capacitor_SMD:C_0603_1608Metric
attribut smd
position 131.790000 98.670000  orientation 0.00
layer front
$PAD "1"
Shape Roundrect Layer front
position -0.775000  0.000000  size  0.900000  0.950000  orientation 0.00
drill  0.000000
shape_offset  0.000000  0.000000
$EndPAD
$PAD "2"
Shape Roundrect Layer front
position  0.775000  0.000000  size  0.900000  0.950000  orientation 0.00
drill  0.000000
shape_offset  0.000000  0.000000
$EndPAD
$EndMODULE  C33

$MODULE C34
footprint Capacitor_SMD:C_0603_1608Metric
attribut smd
position 157.126009 104.670334  orientation -90.00
layer front
$PAD "1"
Shape Roundrect Layer front
position -0.775000  0.000000  size  0.900000  0.950000  orientation 360.00
drill  0.000000
shape_offset  0.000000  0.000000
$EndPAD
$PAD "2"
Shape Roundrect Layer front
position  0.775000  0.000000  size  0.900000  0.950000  orientation 360.00
drill  0.000000
shape_offset  0.000000  0.000000
$EndPAD
$EndMODULE  C34

$MODULE C35
footprint Capacitor_SMD:C_0603_1608Metric
attribut smd
position 153.780000 132.530000  orientation 90.00
layer front
$PAD "1"
Shape Roundrect Layer front
position -0.775000  0.000000  size  0.900000  0.950000  orientation 0.00
drill  0.000000
shape_offset  0.000000  0.000000
$EndPAD
$PAD "2"
Shape Roundrect Layer front
position  0.775000  0.000000  size  0.900000  0.950000  orientation 0.00
drill  0.000000
shape_offset  0.000000  0.000000
$EndPAD
$EndMODULE  C35

$MODULE C36
footprint Capacitor_SMD:C_0603_1608Metric
attribut smd
position 152.845000 125.910000  orientation 180.00
layer front
$PAD "1"
Shape Roundrect Layer front
position -0.775000  0.000000  size  0.900000  0.950000  orientation 0.00
drill  0.000000
shape_offset  0.000000  0.000000
$EndPAD
$PAD "2"
Shape Roundrect Layer front
position  0.775000  0.000000  size  0.900000  0.950000  orientation 0.00
drill  0.000000
shape_offset  0.000000  0.000000
$EndPAD
$EndMODULE  C36

$MODULE C37
footprint Capacitor_SMD:C_0603_1608Metric
attribut smd
position 152.835000 124.370000  orientation 0.00
layer front
$PAD "1"
Shape Roundrect Layer front
position -0.775000  0.000000  size  0.900000  0.950000  orientation 0.00
drill  0.000000
shape_offset  0.000000  0.000000
$EndPAD
$PAD "2"
Shape Roundrect Layer front
position  0.775000  0.000000  size  0.900000  0.950000  orientation 0.00
drill  0.000000
shape_offset  0.000000  0.000000
$EndPAD
$EndMODULE  C37

$MODULE C38
footprint Capacitor_SMD:C_1206_3216Metric
attribut smd
position 148.742500 127.920000  orientation 180.00
layer front
$PAD "1"
Shape Roundrect Layer front
position -1.475000  0.000000  size  1.150000  1.800000  orientation 0.00
drill  0.000000
shape_offset  0.000000  0.000000
$EndPAD
$PAD "2"
Shape Roundrect Layer front
position  1.475000  0.000000  size  1.150000  1.800000  orientation 0.00
drill  0.000000
shape_offset  0.000000  0.000000
$EndPAD
$EndMODULE  C38

$MODULE C39
footprint Capacitor_SMD:C_0603_1608Metric
attribut smd
position 149.355000 125.930000  orientation 0.00
layer front
$PAD "1"
Shape Roundrect Layer front
position -0.775000  0.000000  size  0.900000  0.950000  orientation 0.00
drill  0.000000
shape_offset  0.000000  0.000000
$EndPAD
$PAD "2"
Shape Roundrect Layer front
position  0.775000  0.000000  size  0.900000  0.950000  orientation 0.00
drill  0.000000
shape_offset  0.000000  0.000000
$EndPAD
$EndMODULE  C39

$MODULE C40
footprint Capacitor_SMD:C_0603_1608Metric
attribut smd
position 149.355000 124.390000  orientation 180.00
layer front
$PAD "1"
Shape Roundrect Layer front
position -0.775000  0.000000  size  0.900000  0.950000  orientation 0.00
drill  0.000000
shape_offset  0.000000  0.000000
$EndPAD
$PAD "2"
Shape Roundrect Layer front
position  0.775000  0.000000  size  0.900000  0.950000  orientation 0.00
drill  0.000000
shape_offset  0.000000  0.000000
$EndPAD
$EndMODULE  C40

$MODULE C41
footprint Capacitor_SMD:C_0603_1608Metric
attribut smd
position 145.385000 88.430000  orientation 0.00
layer front
$PAD "1"
Shape Roundrect Layer front
position -0.775000  0.000000  size  0.900000  0.950000  orientation 0.00
drill  0.000000
shape_offset  0.000000  0.000000
$EndPAD
$PAD "2"
Shape Roundrect Layer front
position  0.775000  0.000000  size  0.900000  0.950000  orientation 0.00
drill  0.000000
shape_offset  0.000000  0.000000
$EndPAD
$EndMODULE  C41

$MODULE C42
footprint Capacitor_SMD:C_0603_1608Metric
attribut smd
position 145.920000 121.680000  orientation 0.00
layer front
$PAD "1"
Shape Roundrect Layer front
position -0.775000  0.000000  size  0.900000  0.950000  orientation 0.00
drill  0.000000
shape_offset  0.000000  0.000000
$EndPAD
$PAD "2"
Shape Roundrect Layer front
position  0.775000  0.000000  size  0.900000  0.950000  orientation 0.00
drill  0.000000
shape_offset  0.000000  0.000000
$EndPAD
$EndMODULE  C42

$MODULE C43
footprint Capacitor_SMD:C_1206_3216Metric
attribut smd
position 160.630000 100.160000  orientation 0.00
layer front
$PAD "1"
Shape Roundrect Layer front
position -1.475000  0.000000  size  1.150000  1.800000  orientation 0.00
drill  0.000000
shape_offset  0.000000  0.000000
$EndPAD
$PAD "2"
Shape Roundrect Layer front
position  1.475000  0.000000  size  1.150000  1.800000  orientation 0.00
drill  0.000000
shape_offset  0.000000  0.000000
$EndPAD
$EndMODULE  C43

$MODULE C44
footprint Capacitor_SMD:C_1206_3216Metric
attribut smd
position 130.970000 96.660000  orientation 180.00
layer front
$PAD "1"
Shape Roundrect Layer front
position -1.475000  0.000000  size  1.150000  1.800000  orientation 0.00
drill  0.000000
shape_offset  0.000000  0.000000
$EndPAD
$PAD "2"
Shape Roundrect Layer front
position  1.475000  0.000000  size  1.150000  1.800000  orientation 0.00
drill  0.000000
shape_offset  0.000000  0.000000
$EndPAD
$EndMODULE  C44

$MODULE C45
footprint Capacitor_SMD:C_0603_1608Metric
attribut smd
position 140.730000 126.390000  orientation 180.00
layer front
$PAD "1"
Shape Roundrect Layer front
position -0.775000  0.000000  size  0.900000  0.950000  orientation 0.00
drill  0.000000
shape_offset  0.000000  0.000000
$EndPAD
$PAD "2"
Shape Roundrect Layer front
position  0.775000  0.000000  size  0.900000  0.950000  orientation 0.00
drill  0.000000
shape_offset  0.000000  0.000000
$EndPAD
$EndMODULE  C45

$MODULE C46
footprint Capacitor_SMD:C_0603_1608Metric
attribut smd
position 136.870000 126.400000  orientation 0.00
layer front
$PAD "1"
Shape Roundrect Layer front
position -0.775000  0.000000  size  0.900000  0.950000  orientation 0.00
drill  0.000000
shape_offset  0.000000  0.000000
$EndPAD
$PAD "2"
Shape Roundrect Layer front
position  0.775000  0.000000  size  0.900000  0.950000  orientation 0.00
drill  0.000000
shape_offset  0.000000  0.000000
$EndPAD
$EndMODULE  C46

$MODULE C47
footprint Capacitor_SMD:C_1206_3216Metric
attribut smd
position 178.565000 77.140000  orientation 0.00
layer front
$PAD "1"
Shape Roundrect Layer front
position -1.475000  0.000000  size  1.150000  1.800000  orientation 0.00
drill  0.000000
shape_offset  0.000000  0.000000
$EndPAD
$PAD "2"
Shape Roundrect Layer front
position  1.475000  0.000000  size  1.150000  1.800000  orientation 0.00
drill  0.000000
shape_offset  0.000000  0.000000
$EndPAD
$EndMODULE  C47

$MODULE C48
footprint Capacitor_SMD:C_0805_2012Metric
attribut smd
position 177.945000 79.390000  orientation 0.00
layer front
$PAD "1"
Shape Roundrect Layer front
position -0.950000  0.000000  size  1.000000  1.450000  orientation 0.00
drill  0.000000
shape_offset  0.000000  0.000000
$EndPAD
$PAD "2"
Shape Roundrect Layer front
position  0.950000  0.000000  size  1.000000  1.450000  orientation 0.00
drill  0.000000
shape_offset  0.000000  0.000000
$EndPAD
$EndMODULE  C48

$MODULE C49
footprint Capacitor_SMD:C_0603_1608Metric
attribut smd
position 177.745000 81.170000  orientation 0.00
layer front
$PAD "1"
Shape Roundrect Layer front
position -0.775000  0.000000  size  0.900000  0.950000  orientation 0.00
drill  0.000000
shape_offset  0.000000  0.000000
$EndPAD
$PAD "2"
Shape Roundrect Layer front
position  0.775000  0.000000  size  0.900000  0.950000  orientation 0.00
drill  0.000000
shape_offset  0.000000  0.000000
$EndPAD
$EndMODULE  C49

$MODULE C50
footprint Capacitor_SMD:C_1206_3216Metric
attribut smd
position 105.800000 80.600000  orientation -90.00
layer front
$PAD "1"
Shape Roundrect Layer front
position -1.475000  0.000000  size  1.150000  1.800000  orientation 360.00
drill  0.000000
shape_offset  0.000000  0.000000
$EndPAD
$PAD "2"
Shape Roundrect Layer front
position  1.475000  0.000000  size  1.150000  1.800000  orientation 360.00
drill  0.000000
shape_offset  0.000000  0.000000
$EndPAD
$EndMODULE  C50

$MODULE C51
footprint Capacitor_SMD:C_0603_1608Metric
attribut smd
position 107.800000 79.900000  orientation -90.00
layer front
$PAD "1"
Shape Roundrect Layer front
position -0.775000  0.000000  size  0.900000  0.950000  orientation 360.00
drill  0.000000
shape_offset  0.000000  0.000000
$EndPAD
$PAD "2"
Shape Roundrect Layer front
position  0.775000  0.000000  size  0.900000  0.950000  orientation 360.00
drill  0.000000
shape_offset  0.000000  0.000000
$EndPAD
$EndMODULE  C51

$MODULE C52
footprint Capacitor_SMD:C_0603_1608Metric
attribut smd
position 173.230000 87.180000  orientation -90.00
layer front
$PAD "1"
Shape Roundrect Layer front
position -0.775000  0.000000  size  0.900000  0.950000  orientation 360.00
drill  0.000000
shape_offset  0.000000  0.000000
$EndPAD
$PAD "2"
Shape Roundrect Layer front
position  0.775000  0.000000  size  0.900000  0.950000  orientation 360.00
drill  0.000000
shape_offset  0.000000  0.000000
$EndPAD
$EndMODULE  C52

$MODULE C53
footprint Capacitor_SMD:C_0402_1005Metric
attribut smd
position 187.430000 99.660000  orientation 180.00
layer front
$PAD "1"
Shape Roundrect Layer front
position -0.480000  0.000000  size  0.560000  0.620000  orientation 0.00
drill  0.000000
shape_offset  0.000000  0.000000
$EndPAD
$PAD "2"
Shape Roundrect Layer front
position  0.480000  0.000000  size  0.560000  0.620000  orientation 0.00
drill  0.000000
shape_offset  0.000000  0.000000
$EndPAD
$EndMODULE  C53

$MODULE C54
footprint Capacitor_SMD:C_0402_1005Metric
attribut smd
position 187.393783 103.877113  orientation 180.00
layer front
$PAD "1"
Shape Roundrect Layer front
position -0.480000  0.000000  size  0.560000  0.620000  orientation 0.00
drill  0.000000
shape_offset  0.000000  0.000000
$EndPAD
$PAD "2"
Shape Roundrect Layer front
position  0.480000  0.000000  size  0.560000  0.620000  orientation 0.00
drill  0.000000
shape_offset  0.000000  0.000000
$EndPAD
$EndMODULE  C54

$MODULE C55
footprint Capacitor_SMD:C_0603_1608Metric
attribut smd
position 107.000000 84.200000  orientation 180.00
layer front
$PAD "1"
Shape Roundrect Layer front
position -0.775000  0.000000  size  0.900000  0.950000  orientation 0.00
drill  0.000000
shape_offset  0.000000  0.000000
$EndPAD
$PAD "2"
Shape Roundrect Layer front
position  0.775000  0.000000  size  0.900000  0.950000  orientation 0.00
drill  0.000000
shape_offset  0.000000  0.000000
$EndPAD
$EndMODULE  C55

$MODULE C56
footprint Capacitor_SMD:C_0603_1608Metric
attribut smd
position 108.100000 89.300000  orientation 180.00
layer front
$PAD "1"
Shape Roundrect Layer front
position -0.775000  0.000000  size  0.900000  0.950000  orientation 0.00
drill  0.000000
shape_offset  0.000000  0.000000
$EndPAD
$PAD "2"
Shape Roundrect Layer front
position  0.775000  0.000000  size  0.900000  0.950000  orientation 0.00
drill  0.000000
shape_offset  0.000000  0.000000
$EndPAD
$EndMODULE  C56

$MODULE C57
footprint Capacitor_SMD:C_1206_3216Metric
attribut smd
position 181.400000 112.967618  orientation 180.00
layer back
$PAD "1"
Shape Roundrect Layer back
position -1.475000  0.000000  size  1.150000  1.800000  orientation 0.00
drill  0.000000
shape_offset  0.000000  0.000000
$EndPAD
$PAD "2"
Shape Roundrect Layer back
position  1.475000  0.000000  size  1.150000  1.800000  orientation 0.00
drill  0.000000
shape_offset  0.000000  0.000000
$EndPAD
$EndMODULE  C57

$MODULE C58
footprint Capacitor_SMD:C_0603_1608Metric
attribut smd
position 182.150000 114.867618  orientation 180.00
layer back
$PAD "1"
Shape Roundrect Layer back
position -0.775000  0.000000  size  0.900000  0.950000  orientation 0.00
drill  0.000000
shape_offset  0.000000  0.000000
$EndPAD
$PAD "2"
Shape Roundrect Layer back
position  0.775000  0.000000  size  0.900000  0.950000  orientation 0.00
drill  0.000000
shape_offset  0.000000  0.000000
$EndPAD
$EndMODULE  C58

$MODULE C59
footprint Capacitor_SMD:C_0603_1608Metric
attribut smd
position 180.900000 123.900000  orientation 180.00
layer back
$PAD "1"
Shape Roundrect Layer back
position -0.775000  0.000000  size  0.900000  0.950000  orientation 0.00
drill  0.000000
shape_offset  0.000000  0.000000
$EndPAD
$PAD "2"
Shape Roundrect Layer back
position  0.775000  0.000000  size  0.900000  0.950000  orientation 0.00
drill  0.000000
shape_offset  0.000000  0.000000
$EndPAD
$EndMODULE  C59

$MODULE C60
footprint Capacitor_SMD:C_0805_2012Metric
attribut smd
position 173.600000 121.900000  orientation 90.00
layer back
$PAD "1"
Shape Roundrect Layer back
position -0.950000  0.000000  size  1.000000  1.450000  orientation 0.00
drill  0.000000
shape_offset  0.000000  0.000000
$EndPAD
$PAD "2"
Shape Roundrect Layer back
position  0.950000  0.000000  size  1.000000  1.450000  orientation 0.00
drill  0.000000
shape_offset  0.000000  0.000000
$EndPAD
$EndMODULE  C60

$MODULE C61
footprint Capacitor_SMD:C_0603_1608Metric
attribut smd
position 171.750000 122.050000  orientation 90.00
layer back
$PAD "1"
Shape Roundrect Layer back
position -0.775000  0.000000  size  0.900000  0.950000  orientation 0.00
drill  0.000000
shape_offset  0.000000  0.000000
$EndPAD
$PAD "2"
Shape Roundrect Layer back
position  0.775000  0.000000  size  0.900000  0.950000  orientation 0.00
drill  0.000000
shape_offset  0.000000  0.000000
$EndPAD
$EndMODULE  C61

$MODULE C62
footprint Capacitor_SMD:C_0603_1608Metric
attribut smd
position 184.000000 123.900000  orientation 180.00
layer back
$PAD "1"
Shape Roundrect Layer back
position -0.775000  0.000000  size  0.900000  0.950000  orientation 0.00
drill  0.000000
shape_offset  0.000000  0.000000
$EndPAD
$PAD "2"
Shape Roundrect Layer back
position  0.775000  0.000000  size  0.900000  0.950000  orientation 0.00
drill  0.000000
shape_offset  0.000000  0.000000
$EndPAD
$EndMODULE  C62

$MODULE C63
footprint Capacitor_SMD:C_1206_3216Metric
attribut smd
position 107.225000 103.290000  orientation 0.00
layer front
$PAD "1"
Shape Roundrect Layer front
position -1.475000  0.000000  size  1.150000  1.800000  orientation 0.00
drill  0.000000
shape_offset  0.000000  0.000000
$EndPAD
$PAD "2"
Shape Roundrect Layer front
position  1.475000  0.000000  size  1.150000  1.800000  orientation 0.00
drill  0.000000
shape_offset  0.000000  0.000000
$EndPAD
$EndMODULE  C63

$MODULE C64
footprint Capacitor_SMD:C_0603_1608Metric
attribut smd
position 106.475000 105.230000  orientation 180.00
layer front
$PAD "1"
Shape Roundrect Layer front
position -0.775000  0.000000  size  0.900000  0.950000  orientation 0.00
drill  0.000000
shape_offset  0.000000  0.000000
$EndPAD
$PAD "2"
Shape Roundrect Layer front
position  0.775000  0.000000  size  0.900000  0.950000  orientation 0.00
drill  0.000000
shape_offset  0.000000  0.000000
$EndPAD
$EndMODULE  C64

$MODULE C65
footprint Capacitor_SMD:C_0603_1608Metric
attribut smd
position 106.475000 117.690000  orientation 180.00
layer front
$PAD "1"
Shape Roundrect Layer front
position -0.775000  0.000000  size  0.900000  0.950000  orientation 0.00
drill  0.000000
shape_offset  0.000000  0.000000
$EndPAD
$PAD "2"
Shape Roundrect Layer front
position  0.775000  0.000000  size  0.900000  0.950000  orientation 0.00
drill  0.000000
shape_offset  0.000000  0.000000
$EndPAD
$EndMODULE  C65

$MODULE C67
footprint Capacitor_SMD:C_0603_1608Metric
attribut smd
position 101.430000 96.730000  orientation 180.00
layer front
$PAD "1"
Shape Roundrect Layer front
position -0.775000  0.000000  size  0.900000  0.950000  orientation 0.00
drill  0.000000
shape_offset  0.000000  0.000000
$EndPAD
$PAD "2"
Shape Roundrect Layer front
position  0.775000  0.000000  size  0.900000  0.950000  orientation 0.00
drill  0.000000
shape_offset  0.000000  0.000000
$EndPAD
$EndMODULE  C67

$MODULE C68
footprint Capacitor_SMD:C_1206_3216Metric
attribut smd
position 102.240000 92.380000  orientation 0.00
layer front
$PAD "1"
Shape Roundrect Layer front
position -1.475000  0.000000  size  1.150000  1.800000  orientation 0.00
drill  0.000000
shape_offset  0.000000  0.000000
$EndPAD
$PAD "2"
Shape Roundrect Layer front
position  1.475000  0.000000  size  1.150000  1.800000  orientation 0.00
drill  0.000000
shape_offset  0.000000  0.000000
$EndPAD
$EndMODULE  C68

$MODULE C69
footprint Capacitor_SMD:C_1206_3216Metric
attribut smd
position 102.260000 94.790000  orientation 0.00
layer front
$PAD "1"
Shape Roundrect Layer front
position -1.475000  0.000000  size  1.150000  1.800000  orientation 0.00
drill  0.000000
shape_offset  0.000000  0.000000
$EndPAD
$PAD "2"
Shape Roundrect Layer front
position  1.475000  0.000000  size  1.150000  1.800000  orientation 0.00
drill  0.000000
shape_offset  0.000000  0.000000
$EndPAD
$EndMODULE  C69

$MODULE C70
footprint Capacitor_SMD:C_1206_3216Metric
attribut smd
position 141.120000 73.970000  orientation -90.00
layer front
$PAD "1"
Shape Roundrect Layer front
position -1.475000  0.000000  size  1.150000  1.800000  orientation 360.00
drill  0.000000
shape_offset  0.000000  0.000000
$EndPAD
$PAD "2"
Shape Roundrect Layer front
position  1.475000  0.000000  size  1.150000  1.800000  orientation 360.00
drill  0.000000
shape_offset  0.000000  0.000000
$EndPAD
$EndMODULE  C70

$MODULE C71
footprint Capacitor_SMD:C_1206_3216Metric
attribut smd
position 146.645000 141.960000  orientation 180.00
layer front
$PAD "1"
Shape Roundrect Layer front
position -1.475000  0.000000  size  1.150000  1.800000  orientation 0.00
drill  0.000000
shape_offset  0.000000  0.000000
$EndPAD
$PAD "2"
Shape Roundrect Layer front
position  1.475000  0.000000  size  1.150000  1.800000  orientation 0.00
drill  0.000000
shape_offset  0.000000  0.000000
$EndPAD
$EndMODULE  C71

$MODULE C72
footprint Capacitor_SMD:C_0603_1608Metric
attribut smd
position 147.345000 143.890000  orientation 0.00
layer front
$PAD "1"
Shape Roundrect Layer front
position -0.775000  0.000000  size  0.900000  0.950000  orientation 0.00
drill  0.000000
shape_offset  0.000000  0.000000
$EndPAD
$PAD "2"
Shape Roundrect Layer front
position  0.775000  0.000000  size  0.900000  0.950000  orientation 0.00
drill  0.000000
shape_offset  0.000000  0.000000
$EndPAD
$EndMODULE  C72

$MODULE C73
footprint Capacitor_SMD:C_1206_3216Metric
attribut smd
position 159.970000 141.505000  orientation 90.00
layer front
$PAD "1"
Shape Roundrect Layer front
position -1.475000  0.000000  size  1.150000  1.800000  orientation 0.00
drill  0.000000
shape_offset  0.000000  0.000000
$EndPAD
$PAD "2"
Shape Roundrect Layer front
position  1.475000  0.000000  size  1.150000  1.800000  orientation 0.00
drill  0.000000
shape_offset  0.000000  0.000000
$EndPAD
$EndMODULE  C73

$MODULE C74
footprint Capacitor_SMD:C_0603_1608Metric
attribut smd
position 157.890000 142.245000  orientation -90.00
layer front
$PAD "1"
Shape Roundrect Layer front
position -0.775000  0.000000  size  0.900000  0.950000  orientation 360.00
drill  0.000000
shape_offset  0.000000  0.000000
$EndPAD
$PAD "2"
Shape Roundrect Layer front
position  0.775000  0.000000  size  0.900000  0.950000  orientation 360.00
drill  0.000000
shape_offset  0.000000  0.000000
$EndPAD
$EndMODULE  C74

$MODULE C75
footprint Capacitor_SMD:C_0603_1608Metric
attribut smd
position 103.375000 121.850000  orientation 0.00
layer back
$PAD "1"
Shape Roundrect Layer back
position -0.775000  0.000000  size  0.900000  0.950000  orientation 0.00
drill  0.000000
shape_offset  0.000000  0.000000
$EndPAD
$PAD "2"
Shape Roundrect Layer back
position  0.775000  0.000000  size  0.900000  0.950000  orientation 0.00
drill  0.000000
shape_offset  0.000000  0.000000
$EndPAD
$EndMODULE  C75

$MODULE C76
footprint Capacitor_SMD:C_0603_1608Metric
attribut smd
position 103.345000 120.310000  orientation 0.00
layer back
$PAD "1"
Shape Roundrect Layer back
position -0.775000  0.000000  size  0.900000  0.950000  orientation 0.00
drill  0.000000
shape_offset  0.000000  0.000000
$EndPAD
$PAD "2"
Shape Roundrect Layer back
position  0.775000  0.000000  size  0.900000  0.950000  orientation 0.00
drill  0.000000
shape_offset  0.000000  0.000000
$EndPAD
$EndMODULE  C76

$MODULE C77
footprint Capacitor_SMD:C_1206_3216Metric
attribut smd
position 166.800000 95.335000  orientation 0.00
layer front
$PAD "1"
Shape Roundrect Layer front
position -1.475000  0.000000  size  1.150000  1.800000  orientation 0.00
drill  0.000000
shape_offset  0.000000  0.000000
$EndPAD
$PAD "2"
Shape Roundrect Layer front
position  1.475000  0.000000  size  1.150000  1.800000  orientation 0.00
drill  0.000000
shape_offset  0.000000  0.000000
$EndPAD
$EndMODULE  C77

$MODULE C78
footprint Capacitor_SMD:C_0603_1608Metric
attribut smd
position 167.510000 91.835000  orientation 0.00
layer front
$PAD "1"
Shape Roundrect Layer front
position -0.775000  0.000000  size  0.900000  0.950000  orientation 0.00
drill  0.000000
shape_offset  0.000000  0.000000
$EndPAD
$PAD "2"
Shape Roundrect Layer front
position  0.775000  0.000000  size  0.900000  0.950000  orientation 0.00
drill  0.000000
shape_offset  0.000000  0.000000
$EndPAD
$EndMODULE  C78

$MODULE C79
footprint Capacitor_SMD:C_0603_1608Metric
attribut smd
position 162.490000 110.530000  orientation -90.00
layer front
$PAD "1"
Shape Roundrect Layer front
position -0.775000  0.000000  size  0.900000  0.950000  orientation 360.00
drill  0.000000
shape_offset  0.000000  0.000000
$EndPAD
$PAD "2"
Shape Roundrect Layer front
position  0.775000  0.000000  size  0.900000  0.950000  orientation 360.00
drill  0.000000
shape_offset  0.000000  0.000000
$EndPAD
$EndMODULE  C79

$MODULE C80
footprint Capacitor_SMD:C_0603_1608Metric
attribut smd
position 177.700000 111.790000  orientation -90.00
layer front
$PAD "1"
Shape Roundrect Layer front
position -0.775000  0.000000  size  0.900000  0.950000  orientation 360.00
drill  0.000000
shape_offset  0.000000  0.000000
$EndPAD
$PAD "2"
Shape Roundrect Layer front
position  0.775000  0.000000  size  0.900000  0.950000  orientation 360.00
drill  0.000000
shape_offset  0.000000  0.000000
$EndPAD
$EndMODULE  C80

$MODULE C81
footprint Capacitor_SMD:C_0603_1608Metric
attribut smd
position 192.695000 136.260000  orientation 180.00
layer front
$PAD "1"
Shape Roundrect Layer front
position -0.775000  0.000000  size  0.900000  0.950000  orientation 0.00
drill  0.000000
shape_offset  0.000000  0.000000
$EndPAD
$PAD "2"
Shape Roundrect Layer front
position  0.775000  0.000000  size  0.900000  0.950000  orientation 0.00
drill  0.000000
shape_offset  0.000000  0.000000
$EndPAD
$EndMODULE  C81

$MODULE C82
footprint Capacitor_SMD:C_1206_3216Metric
attribut smd
position 191.965000 138.240000  orientation 180.00
layer front
$PAD "1"
Shape Roundrect Layer front
position -1.475000  0.000000  size  1.150000  1.800000  orientation 0.00
drill  0.000000
shape_offset  0.000000  0.000000
$EndPAD
$PAD "2"
Shape Roundrect Layer front
position  1.475000  0.000000  size  1.150000  1.800000  orientation 0.00
drill  0.000000
shape_offset  0.000000  0.000000
$EndPAD
$EndMODULE  C82

$MODULE C83
footprint Capacitor_SMD:C_0603_1608Metric
attribut smd
position 134.350000 132.255000  orientation -90.00
layer front
$PAD "1"
Shape Roundrect Layer front
position -0.775000  0.000000  size  0.900000  0.950000  orientation 360.00
drill  0.000000
shape_offset  0.000000  0.000000
$EndPAD
$PAD "2"
Shape Roundrect Layer front
position  0.775000  0.000000  size  0.900000  0.950000  orientation 360.00
drill  0.000000
shape_offset  0.000000  0.000000
$EndPAD
$EndMODULE  C83

$MODULE C84
footprint Capacitor_SMD:C_0603_1608Metric
attribut smd
position 130.765000 121.710000  orientation 180.00
layer front
$PAD "1"
Shape Roundrect Layer front
position -0.775000  0.000000  size  0.900000  0.950000  orientation 0.00
drill  0.000000
shape_offset  0.000000  0.000000
$EndPAD
$PAD "2"
Shape Roundrect Layer front
position  0.775000  0.000000  size  0.900000  0.950000  orientation 0.00
drill  0.000000
shape_offset  0.000000  0.000000
$EndPAD
$EndMODULE  C84

$MODULE C86
footprint Capacitor_SMD:C_0603_1608Metric
attribut smd
position 164.355000 127.340000  orientation 0.00
layer front
$PAD "1"
Shape Roundrect Layer front
position -0.775000  0.000000  size  0.900000  0.950000  orientation 0.00
drill  0.000000
shape_offset  0.000000  0.000000
$EndPAD
$PAD "2"
Shape Roundrect Layer front
position  0.775000  0.000000  size  0.900000  0.950000  orientation 0.00
drill  0.000000
shape_offset  0.000000  0.000000
$EndPAD
$EndMODULE  C86

$MODULE C87
footprint Capacitor_SMD:C_0603_1608Metric
attribut smd
position 179.825000 127.320000  orientation 0.00
layer front
$PAD "1"
Shape Roundrect Layer front
position -0.775000  0.000000  size  0.900000  0.950000  orientation 0.00
drill  0.000000
shape_offset  0.000000  0.000000
$EndPAD
$PAD "2"
Shape Roundrect Layer front
position  0.775000  0.000000  size  0.900000  0.950000  orientation 0.00
drill  0.000000
shape_offset  0.000000  0.000000
$EndPAD
$EndMODULE  C87

$MODULE C88
footprint Capacitor_SMD:C_0603_1608Metric
attribut smd
position 191.645000 125.060000  orientation 180.00
layer front
$PAD "1"
Shape Roundrect Layer front
position -0.775000  0.000000  size  0.900000  0.950000  orientation 0.00
drill  0.000000
shape_offset  0.000000  0.000000
$EndPAD
$PAD "2"
Shape Roundrect Layer front
position  0.775000  0.000000  size  0.900000  0.950000  orientation 0.00
drill  0.000000
shape_offset  0.000000  0.000000
$EndPAD
$EndMODULE  C88

$MODULE C89
footprint Capacitor_SMD:C_0603_1608Metric
attribut smd
position 130.240000 128.075000  orientation -90.00
layer front
$PAD "1"
Shape Roundrect Layer front
position -0.775000  0.000000  size  0.900000  0.950000  orientation 360.00
drill  0.000000
shape_offset  0.000000  0.000000
$EndPAD
$PAD "2"
Shape Roundrect Layer front
position  0.775000  0.000000  size  0.900000  0.950000  orientation 360.00
drill  0.000000
shape_offset  0.000000  0.000000
$EndPAD
$EndMODULE  C89

$MODULE C90
footprint Capacitor_SMD:C_0603_1608Metric
attribut smd
position 135.310000 122.695000  orientation -90.00
layer front
$PAD "1"
Shape Roundrect Layer front
position -0.775000  0.000000  size  0.900000  0.950000  orientation 360.00
drill  0.000000
shape_offset  0.000000  0.000000
$EndPAD
$PAD "2"
Shape Roundrect Layer front
position  0.775000  0.000000  size  0.900000  0.950000  orientation 360.00
drill  0.000000
shape_offset  0.000000  0.000000
$EndPAD
$EndMODULE  C90

$MODULE C91
footprint Capacitor_SMD:C_0603_1608Metric
attribut smd
position 110.615000 138.930000  orientation 180.00
layer front
$PAD "1"
Shape Roundrect Layer front
position -0.775000  0.000000  size  0.900000  0.950000  orientation 0.00
drill  0.000000
shape_offset  0.000000  0.000000
$EndPAD
$PAD "2"
Shape Roundrect Layer front
position  0.775000  0.000000  size  0.900000  0.950000  orientation 0.00
drill  0.000000
shape_offset  0.000000  0.000000
$EndPAD
$EndMODULE  C91

$MODULE C92
footprint Capacitor_SMD:C_0603_1608Metric
attribut smd
position 131.740000 131.155000  orientation -90.00
layer front
$PAD "1"
Shape Roundrect Layer front
position -0.775000  0.000000  size  0.900000  0.950000  orientation 360.00
drill  0.000000
shape_offset  0.000000  0.000000
$EndPAD
$PAD "2"
Shape Roundrect Layer front
position  0.775000  0.000000  size  0.900000  0.950000  orientation 360.00
drill  0.000000
shape_offset  0.000000  0.000000
$EndPAD
$EndMODULE  C92

$MODULE D1
footprint Diode_SMD:Nexperia_DSN1608-2_1.6x0.8mm
attribut smd
position 108.850000 134.415000  orientation -90.00
layer front
$PAD "1"
Shape Roundrect Layer front
position -0.285000  0.000000  size  0.930000  0.700000  orientation 360.00
drill  0.000000
shape_offset  0.000000  0.000000
$EndPAD
$PAD "2"
Shape Roundrect Layer front
position  0.600000  0.000000  size  0.300000  0.700000  orientation 360.00
drill  0.000000
shape_offset  0.000000  0.000000
$EndPAD
$EndMODULE  D1

$MODULE D2
footprint LED_SMD:LED_0603_1608Metric
attribut smd
position 129.083552 140.008962  orientation -90.00
layer front
$PAD "1"
Shape Roundrect Layer front
position -0.787500  0.000000  size  0.875000  0.950000  orientation 360.00
drill  0.000000
shape_offset  0.000000  0.000000
$EndPAD
$PAD "2"
Shape Roundrect Layer front
position  0.787500  0.000000  size  0.875000  0.950000  orientation 360.00
drill  0.000000
shape_offset  0.000000  0.000000
$EndPAD
$EndMODULE  D2

$MODULE D3
footprint LED_SMD:LED_0603_1608Metric
attribut smd
position 130.620000 140.010000  orientation -90.00
layer front
$PAD "1"
Shape Roundrect Layer front
position -0.787500  0.000000  size  0.875000  0.950000  orientation 360.00
drill  0.000000
shape_offset  0.000000  0.000000
$EndPAD
$PAD "2"
Shape Roundrect Layer front
position  0.787500  0.000000  size  0.875000  0.950000  orientation 360.00
drill  0.000000
shape_offset  0.000000  0.000000
$EndPAD
$EndMODULE  D3

$MODULE D4
footprint LED_SMD:LED_0603_1608Metric
attribut smd
position 132.151829 140.015515  orientation -90.00
layer front
$PAD "1"
Shape Roundrect Layer front
position -0.787500  0.000000  size  0.875000  0.950000  orientation 360.00
drill  0.000000
shape_offset  0.000000  0.000000
$EndPAD
$PAD "2"
Shape Roundrect Layer front
position  0.787500  0.000000  size  0.875000  0.950000  orientation 360.00
drill  0.000000
shape_offset  0.000000  0.000000
$EndPAD
$EndMODULE  D4

$MODULE D5
footprint Diode_SMD:Nexperia_DSN1608-2_1.6x0.8mm
attribut smd
position 145.850000 89.890000  orientation 180.00
layer front
$PAD "1"
Shape Roundrect Layer front
position -0.285000  0.000000  size  0.930000  0.700000  orientation 0.00
drill  0.000000
shape_offset  0.000000  0.000000
$EndPAD
$PAD "2"
Shape Roundrect Layer front
position  0.600000  0.000000  size  0.300000  0.700000  orientation 0.00
drill  0.000000
shape_offset  0.000000  0.000000
$EndPAD
$EndMODULE  D5

$MODULE D6
footprint digikey-footprints:SOT-23-3
attribut smd
position 182.410000 138.700000  orientation -90.00
layer back
$PAD "1"
Shape Rect Layer back
position -1.050000  0.950000  size  1.300000  0.600000  orientation 360.00
drill  0.000000
shape_offset  0.000000  0.000000
$EndPAD
$PAD "2"
Shape Rect Layer back
position -1.050000 -0.950000  size  1.300000  0.600000  orientation 360.00
drill  0.000000
shape_offset  0.000000  0.000000
$EndPAD
$PAD "3"
Shape Rect Layer back
position  1.050000  0.000000  size  1.300000  0.600000  orientation 360.00
drill  0.000000
shape_offset  0.000000  0.000000
$EndPAD
$EndMODULE  D6

$MODULE D7
footprint Package_TO_SOT_SMD:SOT-23
attribut smd
position 167.000000 128.800000  orientation -90.00
layer back
$PAD "1"
Shape Roundrect Layer back
position -0.937500  0.950000  size  1.475000  0.600000  orientation 360.00
drill  0.000000
shape_offset  0.000000  0.000000
$EndPAD
$PAD "2"
Shape Roundrect Layer back
position -0.937500 -0.950000  size  1.475000  0.600000  orientation 360.00
drill  0.000000
shape_offset  0.000000  0.000000
$EndPAD
$PAD "3"
Shape Roundrect Layer back
position  0.937500  0.000000  size  1.475000  0.600000  orientation 360.00
drill  0.000000
shape_offset  0.000000  0.000000
$EndPAD
$EndMODULE  D7

$MODULE D9
footprint LED_SMD:LED_0603_1608Metric
attribut smd
position 121.767500 102.467500  orientation -90.00
layer front
$PAD "1"
Shape Roundrect Layer front
position -0.787500  0.000000  size  0.875000  0.950000  orientation 360.00
drill  0.000000
shape_offset  0.000000  0.000000
$EndPAD
$PAD "2"
Shape Roundrect Layer front
position  0.787500  0.000000  size  0.875000  0.950000  orientation 360.00
drill  0.000000
shape_offset  0.000000  0.000000
$EndPAD
$EndMODULE  D9

$MODULE D10
footprint LED_SMD:LED_0603_1608Metric
attribut smd
position 116.880000 102.460312  orientation -90.00
layer front
$PAD "1"
Shape Roundrect Layer front
position -0.787500  0.000000  size  0.875000  0.950000  orientation 360.00
drill  0.000000
shape_offset  0.000000  0.000000
$EndPAD
$PAD "2"
Shape Roundrect Layer front
position  0.787500  0.000000  size  0.875000  0.950000  orientation 360.00
drill  0.000000
shape_offset  0.000000  0.000000
$EndPAD
$EndMODULE  D10

$MODULE D11
footprint LED_SMD:LED_0603_1608Metric
attribut smd
position 118.800000 120.197594  orientation 180.00
layer front
$PAD "1"
Shape Roundrect Layer front
position -0.787500  0.000000  size  0.875000  0.950000  orientation 0.00
drill  0.000000
shape_offset  0.000000  0.000000
$EndPAD
$PAD "2"
Shape Roundrect Layer front
position  0.787500  0.000000  size  0.875000  0.950000  orientation 0.00
drill  0.000000
shape_offset  0.000000  0.000000
$EndPAD
$EndMODULE  D11

$MODULE D12
footprint LED_SMD:LED_0603_1608Metric
attribut smd
position 118.800000 124.133549  orientation 180.00
layer front
$PAD "1"
Shape Roundrect Layer front
position -0.787500  0.000000  size  0.875000  0.950000  orientation 0.00
drill  0.000000
shape_offset  0.000000  0.000000
$EndPAD
$PAD "2"
Shape Roundrect Layer front
position  0.787500  0.000000  size  0.875000  0.950000  orientation 0.00
drill  0.000000
shape_offset  0.000000  0.000000
$EndPAD
$EndMODULE  D12

$MODULE D13
footprint LED_SMD:LED_0603_1608Metric
attribut smd
position 191.030000 78.850000  orientation 0.00
layer front
$PAD "1"
Shape Roundrect Layer front
position -0.787500  0.000000  size  0.875000  0.950000  orientation 0.00
drill  0.000000
shape_offset  0.000000  0.000000
$EndPAD
$PAD "2"
Shape Roundrect Layer front
position  0.787500  0.000000  size  0.875000  0.950000  orientation 0.00
drill  0.000000
shape_offset  0.000000  0.000000
$EndPAD
$EndMODULE  D13

$MODULE D14
footprint LED_SMD:LED_0603_1608Metric
attribut smd
position 191.030000 81.010000  orientation 0.00
layer front
$PAD "1"
Shape Roundrect Layer front
position -0.787500  0.000000  size  0.875000  0.950000  orientation 0.00
drill  0.000000
shape_offset  0.000000  0.000000
$EndPAD
$PAD "2"
Shape Roundrect Layer front
position  0.787500  0.000000  size  0.875000  0.950000  orientation 0.00
drill  0.000000
shape_offset  0.000000  0.000000
$EndPAD
$EndMODULE  D14

$MODULE D15
footprint Diode_SMD:D_SOD-923
attribut smd
position 131.252500 122.980000  orientation 0.00
layer front
$PAD "1"
Shape Roundrect Layer front
position -0.420000  0.000000  size  0.360000  0.250000  orientation 180.00
drill  0.000000
shape_offset  0.000000  0.000000
$EndPAD
$PAD "2"
Shape Roundrect Layer front
position  0.420000  0.000000  size  0.360000  0.250000  orientation 180.00
drill  0.000000
shape_offset  0.000000  0.000000
$EndPAD
$EndMODULE  D15

$MODULE D16
footprint Diode_SMD:D_SOD-923
attribut smd
position 134.020000 122.280000  orientation 90.00
layer front
$PAD "1"
Shape Roundrect Layer front
position -0.420000  0.000000  size  0.360000  0.250000  orientation 180.00
drill  0.000000
shape_offset  0.000000  0.000000
$EndPAD
$PAD "2"
Shape Roundrect Layer front
position  0.420000  0.000000  size  0.360000  0.250000  orientation 180.00
drill  0.000000
shape_offset  0.000000  0.000000
$EndPAD
$EndMODULE  D16

$MODULE D17
footprint Diode_SMD:D_SOD-923
attribut smd
position 132.980000 130.747500  orientation 90.00
layer front
$PAD "1"
Shape Roundrect Layer front
position -0.420000  0.000000  size  0.360000  0.250000  orientation 180.00
drill  0.000000
shape_offset  0.000000  0.000000
$EndPAD
$PAD "2"
Shape Roundrect Layer front
position  0.420000  0.000000  size  0.360000  0.250000  orientation 180.00
drill  0.000000
shape_offset  0.000000  0.000000
$EndPAD
$EndMODULE  D17

$MODULE FB1
footprint Inductor_SMD:L_0603_1608Metric
attribut smd
position 107.834499 132.393000  orientation 180.00
layer front
$PAD "1"
Shape Roundrect Layer front
position -0.787500  0.000000  size  0.875000  0.950000  orientation 0.00
drill  0.000000
shape_offset  0.000000  0.000000
$EndPAD
$PAD "2"
Shape Roundrect Layer front
position  0.787500  0.000000  size  0.875000  0.950000  orientation 0.00
drill  0.000000
shape_offset  0.000000  0.000000
$EndPAD
$EndMODULE  FB1

$MODULE FB2
footprint Inductor_SMD:L_0603_1608Metric
attribut smd
position 148.960000 130.150000  orientation 0.00
layer front
$PAD "1"
Shape Roundrect Layer front
position -0.787500  0.000000  size  0.875000  0.950000  orientation 0.00
drill  0.000000
shape_offset  0.000000  0.000000
$EndPAD
$PAD "2"
Shape Roundrect Layer front
position  0.787500  0.000000  size  0.875000  0.950000  orientation 0.00
drill  0.000000
shape_offset  0.000000  0.000000
$EndPAD
$EndMODULE  FB2

$MODULE FB3
footprint Inductor_SMD:L_0603_1608Metric
attribut smd
position 172.400000 77.180000  orientation 0.00
layer front
$PAD "1"
Shape Roundrect Layer front
position -0.787500  0.000000  size  0.875000  0.950000  orientation 0.00
drill  0.000000
shape_offset  0.000000  0.000000
$EndPAD
$PAD "2"
Shape Roundrect Layer front
position  0.787500  0.000000  size  0.875000  0.950000  orientation 0.00
drill  0.000000
shape_offset  0.000000  0.000000
$EndPAD
$EndMODULE  FB3

$MODULE FB4
footprint Inductor_SMD:L_0603_1608Metric
attribut smd
position 102.900000 79.000000  orientation 0.00
layer front
$PAD "1"
Shape Roundrect Layer front
position -0.787500  0.000000  size  0.875000  0.950000  orientation 0.00
drill  0.000000
shape_offset  0.000000  0.000000
$EndPAD
$PAD "2"
Shape Roundrect Layer front
position  0.787500  0.000000  size  0.875000  0.950000  orientation 0.00
drill  0.000000
shape_offset  0.000000  0.000000
$EndPAD
$EndMODULE  FB4

$MODULE FID1
footprint Fiducial:Fiducial_1mm_Mask2mm
attribut smd
position 126.500000 99.460000  orientation 0.00
layer front
$PAD ""
Shape Circle Layer front
position  0.000000  0.000000  size  1.000000  1.000000  orientation 0.00
drill  0.000000
shape_offset  0.000000  0.000000
$EndPAD
$EndMODULE  FID1

$MODULE FID2
footprint Fiducial:Fiducial_1mm_Mask2mm
attribut smd
position 165.720000 99.530000  orientation 0.00
layer front
$PAD ""
Shape Circle Layer front
position  0.000000  0.000000  size  1.000000  1.000000  orientation 0.00
drill  0.000000
shape_offset  0.000000  0.000000
$EndPAD
$EndMODULE  FID2

$MODULE FID3
footprint Fiducial:Fiducial_1mm_Mask2mm
attribut smd
position 105.360000 141.060000  orientation 0.00
layer front
$PAD ""
Shape Circle Layer front
position  0.000000  0.000000  size  1.000000  1.000000  orientation 0.00
drill  0.000000
shape_offset  0.000000  0.000000
$EndPAD
$EndMODULE  FID3

$MODULE FID4
footprint Fiducial:Fiducial_1mm_Mask2mm
attribut smd
position 109.750000 122.210000  orientation 0.00
layer front
$PAD ""
Shape Circle Layer front
position  0.000000  0.000000  size  1.000000  1.000000  orientation 0.00
drill  0.000000
shape_offset  0.000000  0.000000
$EndPAD
$EndMODULE  FID4

$MODULE FID5
footprint Fiducial:Fiducial_1mm_Mask2mm
attribut smd
position 108.790000 97.970000  orientation 0.00
layer front
$PAD ""
Shape Circle Layer front
position  0.000000  0.000000  size  1.000000  1.000000  orientation 0.00
drill  0.000000
shape_offset  0.000000  0.000000
$EndPAD
$EndMODULE  FID5

$MODULE FID6
footprint Fiducial:Fiducial_1mm_Mask2mm
attribut smd
position 169.160000 80.300000  orientation 180.00
layer back
$PAD ""
Shape Circle Layer back
position  0.000000  0.000000  size  1.000000  1.000000  orientation 0.00
drill  0.000000
shape_offset  0.000000  0.000000
$EndPAD
$EndMODULE  FID6

$MODULE FID7
footprint Fiducial:Fiducial_1mm_Mask2mm
attribut smd
position 191.690000 100.950000  orientation 0.00
layer front
$PAD ""
Shape Circle Layer front
position  0.000000  0.000000  size  1.000000  1.000000  orientation 0.00
drill  0.000000
shape_offset  0.000000  0.000000
$EndPAD
$EndMODULE  FID7

$MODULE FID8
footprint Fiducial:Fiducial_1mm_Mask2mm
attribut smd
position 166.700000 115.600000  orientation 180.00
layer back
$PAD ""
Shape Circle Layer back
position  0.000000  0.000000  size  1.000000  1.000000  orientation 0.00
drill  0.000000
shape_offset  0.000000  0.000000
$EndPAD
$EndMODULE  FID8

$MODULE FID9
footprint Fiducial:Fiducial_1mm_Mask2mm
attribut smd
position 187.600000 119.400000  orientation 180.00
layer back
$PAD ""
Shape Circle Layer back
position  0.000000  0.000000  size  1.000000  1.000000  orientation 0.00
drill  0.000000
shape_offset  0.000000  0.000000
$EndPAD
$EndMODULE  FID9

$MODULE FID10
footprint Fiducial:Fiducial_1mm_Mask2mm
attribut smd
position 108.500000 142.800000  orientation 180.00
layer back
$PAD ""
Shape Circle Layer back
position  0.000000  0.000000  size  1.000000  1.000000  orientation 0.00
drill  0.000000
shape_offset  0.000000  0.000000
$EndPAD
$EndMODULE  FID10

$MODULE H1
footprint MountingHole:MountingHole_3.2mm_M3_ISO7380
attribut virtual
position 194.840000 143.330000  orientation 0.00
layer front
$PAD ""
Shape Circle Layer both
position  0.000000  0.000000  size  3.200000  3.200000  orientation 0.00
drill  3.200000
shape_offset  0.000000  0.000000
$EndPAD
$EndMODULE  H1

$MODULE H2
footprint MountingHole:MountingHole_3.2mm_M3_ISO7380
attribut virtual
position 194.840000 74.650000  orientation 0.00
layer front
$PAD ""
Shape Circle Layer both
position  0.000000  0.000000  size  3.200000  3.200000  orientation 0.00
drill  3.200000
shape_offset  0.000000  0.000000
$EndPAD
$EndMODULE  H2

$MODULE H3
footprint MountingHole:MountingHole_3.2mm_M3_ISO7380
attribut virtual
position 101.160000 74.650000  orientation 0.00
layer front
$PAD ""
Shape Circle Layer both
position  0.000000  0.000000  size  3.200000  3.200000  orientation 0.00
drill  3.200000
shape_offset  0.000000  0.000000
$EndPAD
$EndMODULE  H3

$MODULE H4
footprint MountingHole:MountingHole_3.2mm_M3_ISO7380
attribut virtual
position 101.010000 143.360000  orientation 0.00
layer front
$PAD ""
Shape Circle Layer both
position  0.000000  0.000000  size  3.200000  3.200000  orientation 0.00
drill  3.200000
shape_offset  0.000000  0.000000
$EndPAD
$EndMODULE  H4

$MODULE J1
footprint Connector_USB:USB_C_Receptacle_GCT_USB4110
attribut smd
position 101.445000 130.075000  orientation -90.00
layer front
$PAD ""
Shape Circle Layer both
position -2.890000 -2.605000  size  0.650000  0.650000  orientation 360.00
drill  0.650000
shape_offset  0.000000  0.000000
$EndPAD
$PAD ""
Shape Circle Layer both
position  2.890000 -2.605000  size  0.650000  0.650000  orientation 360.00
drill  0.650000
shape_offset  0.000000  0.000000
$EndPAD
$PAD "A1"
Shape Roundrect Layer front
position -3.200000 -3.680000  size  0.600000  1.150000  orientation 360.00
drill  0.000000
shape_offset  0.000000  0.000000
$EndPAD
$PAD "A4"
Shape Roundrect Layer front
position -2.400000 -3.680000  size  0.600000  1.150000  orientation 360.00
drill  0.000000
shape_offset  0.000000  0.000000
$EndPAD
$PAD "A5"
Shape Roundrect Layer front
position -1.250000 -3.680000  size  0.300000  1.150000  orientation 360.00
drill  0.000000
shape_offset  0.000000  0.000000
$EndPAD
$PAD "A6"
Shape Roundrect Layer front
position -0.250000 -3.680000  size  0.300000  1.150000  orientation 360.00
drill  0.000000
shape_offset  0.000000  0.000000
$EndPAD
$PAD "A7"
Shape Roundrect Layer front
position  0.250000 -3.680000  size  0.300000  1.150000  orientation 360.00
drill  0.000000
shape_offset  0.000000  0.000000
$EndPAD
$PAD "A8"
Shape Roundrect Layer front
position  1.250000 -3.680000  size  0.300000  1.150000  orientation 360.00
drill  0.000000
shape_offset  0.000000  0.000000
$EndPAD
$PAD "A9"
Shape Roundrect Layer front
position  2.400000 -3.680000  size  0.600000  1.150000  orientation 360.00
drill  0.000000
shape_offset  0.000000  0.000000
$EndPAD
$PAD "A12"
Shape Roundrect Layer front
position  3.200000 -3.680000  size  0.600000  1.150000  orientation 360.00
drill  0.000000
shape_offset  0.000000  0.000000
$EndPAD
$PAD "B1"
Shape Roundrect Layer front
position  3.200000 -3.680000  size  0.600000  1.150000  orientation 360.00
drill  0.000000
shape_offset  0.000000  0.000000
$EndPAD
$PAD "B4"
Shape Roundrect Layer front
position  2.400000 -3.680000  size  0.600000  1.150000  orientation 360.00
drill  0.000000
shape_offset  0.000000  0.000000
$EndPAD
$PAD "B5"
Shape Roundrect Layer front
position  1.750000 -3.680000  size  0.300000  1.150000  orientation 360.00
drill  0.000000
shape_offset  0.000000  0.000000
$EndPAD
$PAD "B6"
Shape Roundrect Layer front
position  0.750000 -3.680000  size  0.300000  1.150000  orientation 360.00
drill  0.000000
shape_offset  0.000000  0.000000
$EndPAD
$PAD "B7"
Shape Roundrect Layer front
position -0.750000 -3.680000  size  0.300000  1.150000  orientation 360.00
drill  0.000000
shape_offset  0.000000  0.000000
$EndPAD
$PAD "B8"
Shape Roundrect Layer front
position -1.750000 -3.680000  size  0.300000  1.150000  orientation 360.00
drill  0.000000
shape_offset  0.000000  0.000000
$EndPAD
$PAD "B9"
Shape Roundrect Layer front
position -2.400000 -3.680000  size  0.600000  1.150000  orientation 360.00
drill  0.000000
shape_offset  0.000000  0.000000
$EndPAD
$PAD "B12"
Shape Roundrect Layer front
position -3.200000 -3.680000  size  0.600000  1.150000  orientation 360.00
drill  0.000000
shape_offset  0.000000  0.000000
$EndPAD
$PAD "S1"
Shape Roundrect Layer front
position -5.110000 -3.105000  size  2.180000  2.000000  orientation 360.00
drill  0.000000
shape_offset  0.000000  0.000000
$EndPAD
$PAD "S1"
Shape Roundrect Layer front
position -5.110000  0.825000  size  2.180000  2.000000  orientation 360.00
drill  0.000000
shape_offset  0.000000  0.000000
$EndPAD
$PAD "S1"
Shape Roundrect Layer front
position  5.110000 -3.105000  size  2.180000  2.000000  orientation 360.00
drill  0.000000
shape_offset  0.000000  0.000000
$EndPAD
$PAD "S1"
Shape Roundrect Layer front
position  5.110000  0.825000  size  2.180000  2.000000  orientation 360.00
drill  0.000000
shape_offset  0.000000  0.000000
$EndPAD
$EndMODULE  J1

$MODULE J2
footprint S2B-PH-K-S_LF__SN_:JST_S2B-PH-K-S_LF__SN_
attribut none
position 117.490000 140.007500  orientation 0.00
layer front
$PAD "1"
Shape Rect Layer both
position -1.000000  0.000000  size  1.308000  1.308000  orientation 0.00
drill  0.800000
shape_offset  0.000000  0.000000
$EndPAD
$PAD "2"
Shape Circle Layer both
position  1.000000  0.000000  size  1.308000  1.308000  orientation 0.00
drill  0.800000
shape_offset  0.000000  0.000000
$EndPAD
$EndMODULE  J2

$MODULE J3
footprint Connector_PinHeader_1.27mm:PinHeader_2x07_P1.27mm_Vertical
attribut none
position 159.480000 91.410000  orientation -90.00
layer front
$PAD "1"
Shape Rect Layer both
position  0.000000  0.000000  size  1.000000  1.000000  orientation 360.00
drill  0.650000
shape_offset  0.000000  0.000000
$EndPAD
$PAD "2"
Shape Circle Layer both
position  1.270000  0.000000  size  1.000000  1.000000  orientation 360.00
drill  0.650000
shape_offset  0.000000  0.000000
$EndPAD
$PAD "3"
Shape Circle Layer both
position  0.000000  1.270000  size  1.000000  1.000000  orientation 360.00
drill  0.650000
shape_offset  0.000000  0.000000
$EndPAD
$PAD "4"
Shape Circle Layer both
position  1.270000  1.270000  size  1.000000  1.000000  orientation 360.00
drill  0.650000
shape_offset  0.000000  0.000000
$EndPAD
$PAD "5"
Shape Circle Layer both
position  0.000000  2.540000  size  1.000000  1.000000  orientation 360.00
drill  0.650000
shape_offset  0.000000  0.000000
$EndPAD
$PAD "6"
Shape Circle Layer both
position  1.270000  2.540000  size  1.000000  1.000000  orientation 360.00
drill  0.650000
shape_offset  0.000000  0.000000
$EndPAD
$PAD "7"
Shape Circle Layer both
position  0.000000  3.810000  size  1.000000  1.000000  orientation 360.00
drill  0.650000
shape_offset  0.000000  0.000000
$EndPAD
$PAD "8"
Shape Circle Layer both
position  1.270000  3.810000  size  1.000000  1.000000  orientation 360.00
drill  0.650000
shape_offset  0.000000  0.000000
$EndPAD
$PAD "9"
Shape Circle Layer both
position  0.000000  5.080000  size  1.000000  1.000000  orientation 360.00
drill  0.650000
shape_offset  0.000000  0.000000
$EndPAD
$PAD "10"
Shape Circle Layer both
position  1.270000  5.080000  size  1.000000  1.000000  orientation 360.00
drill  0.650000
shape_offset  0.000000  0.000000
$EndPAD
$PAD "11"
Shape Circle Layer both
position  0.000000  6.350000  size  1.000000  1.000000  orientation 360.00
drill  0.650000
shape_offset  0.000000  0.000000
$EndPAD
$PAD "12"
Shape Circle Layer both
position  1.270000  6.350000  size  1.000000  1.000000  orientation 360.00
drill  0.650000
shape_offset  0.000000  0.000000
$EndPAD
$PAD "13"
Shape Circle Layer both
position  0.000000  7.620000  size  1.000000  1.000000  orientation 360.00
drill  0.650000
shape_offset  0.000000  0.000000
$EndPAD
$PAD "14"
Shape Circle Layer both
position  1.270000  7.620000  size  1.000000  1.000000  orientation 360.00
drill  0.650000
shape_offset  0.000000  0.000000
$EndPAD
$EndMODULE  J3

$MODULE J4
footprint Connector_PinHeader_2.54mm:PinHeader_1x08_P2.54mm_Vertical
attribut none
position 196.150000 100.020000  orientation 180.00
layer front
$PAD "1"
Shape Rect Layer both
position  0.000000  0.000000  size  1.700000  1.700000  orientation 0.00
drill  1.000000
shape_offset  0.000000  0.000000
$EndPAD
$PAD "2"
Shape Circle Layer both
position  0.000000  2.540000  size  1.700000  1.700000  orientation 0.00
drill  1.000000
shape_offset  0.000000  0.000000
$EndPAD
$PAD "3"
Shape Circle Layer both
position  0.000000  5.080000  size  1.700000  1.700000  orientation 0.00
drill  1.000000
shape_offset  0.000000  0.000000
$EndPAD
$PAD "4"
Shape Circle Layer both
position  0.000000  7.620000  size  1.700000  1.700000  orientation 0.00
drill  1.000000
shape_offset  0.000000  0.000000
$EndPAD
$PAD "5"
Shape Circle Layer both
position  0.000000 10.160000  size  1.700000  1.700000  orientation 0.00
drill  1.000000
shape_offset  0.000000  0.000000
$EndPAD
$PAD "6"
Shape Circle Layer both
position  0.000000 12.700000  size  1.700000  1.700000  orientation 0.00
drill  1.000000
shape_offset  0.000000  0.000000
$EndPAD
$PAD "7"
Shape Circle Layer both
position  0.000000 15.240000  size  1.700000  1.700000  orientation 0.00
drill  1.000000
shape_offset  0.000000  0.000000
$EndPAD
$PAD "8"
Shape Circle Layer both
position  0.000000 17.780000  size  1.700000  1.700000  orientation 0.00
drill  1.000000
shape_offset  0.000000  0.000000
$EndPAD
$EndMODULE  J4

$MODULE J5
footprint Connector_PinHeader_2.54mm:PinHeader_1x08_P2.54mm_Vertical
attribut none
position 136.880000 73.360000  orientation 0.00
layer front
$PAD "1"
Shape Rect Layer both
position  0.000000  0.000000  size  1.700000  1.700000  orientation 0.00
drill  1.000000
shape_offset  0.000000  0.000000
$EndPAD
$PAD "2"
Shape Circle Layer both
position  0.000000  2.540000  size  1.700000  1.700000  orientation 0.00
drill  1.000000
shape_offset  0.000000  0.000000
$EndPAD
$PAD "3"
Shape Circle Layer both
position  0.000000  5.080000  size  1.700000  1.700000  orientation 0.00
drill  1.000000
shape_offset  0.000000  0.000000
$EndPAD
$PAD "4"
Shape Circle Layer both
position  0.000000  7.620000  size  1.700000  1.700000  orientation 0.00
drill  1.000000
shape_offset  0.000000  0.000000
$EndPAD
$PAD "5"
Shape Circle Layer both
position  0.000000 10.160000  size  1.700000  1.700000  orientation 0.00
drill  1.000000
shape_offset  0.000000  0.000000
$EndPAD
$PAD "6"
Shape Circle Layer both
position  0.000000 12.700000  size  1.700000  1.700000  orientation 0.00
drill  1.000000
shape_offset  0.000000  0.000000
$EndPAD
$PAD "7"
Shape Circle Layer both
position  0.000000 15.240000  size  1.700000  1.700000  orientation 0.00
drill  1.000000
shape_offset  0.000000  0.000000
$EndPAD
$PAD "8"
Shape Circle Layer both
position  0.000000 17.780000  size  1.700000  1.700000  orientation 0.00
drill  1.000000
shape_offset  0.000000  0.000000
$EndPAD
$EndMODULE  J5

$MODULE J6
footprint RFPC-SMA27-F:GRADCONN_RFPC-SMA27-F
attribut none
position 193.520000 109.220000  orientation 90.00
layer front
$PAD "1"
Shape Circle Layer both
position  0.000000  0.000000  size  2.325000  2.325000  orientation 0.00
drill  1.550000
shape_offset  0.000000  0.000000
$EndPAD
$PAD "G1"
Shape Circle Layer both
position -2.540000 -2.540000  size  2.475000  2.475000  orientation 0.00
drill  1.650000
shape_offset  0.000000  0.000000
$EndPAD
$PAD "G2"
Shape Circle Layer both
position  2.540000 -2.540000  size  2.475000  2.475000  orientation 0.00
drill  1.650000
shape_offset  0.000000  0.000000
$EndPAD
$PAD "G3"
Shape Circle Layer both
position -2.540000  2.540000  size  2.475000  2.475000  orientation 0.00
drill  1.650000
shape_offset  0.000000  0.000000
$EndPAD
$PAD "G4"
Shape Circle Layer both
position  2.540000  2.540000  size  2.475000  2.475000  orientation 0.00
drill  1.650000
shape_offset  0.000000  0.000000
$EndPAD
$EndMODULE  J6

$MODULE J7
footprint Connector_PinHeader_2.54mm:PinHeader_1x07_P2.54mm_Vertical
attribut none
position 188.710000 73.260000  orientation -90.00
layer front
$PAD "1"
Shape Rect Layer both
position  0.000000  0.000000  size  1.700000  1.700000  orientation 360.00
drill  1.000000
shape_offset  0.000000  0.000000
$EndPAD
$PAD "2"
Shape Circle Layer both
position  0.000000  2.540000  size  1.700000  1.700000  orientation 360.00
drill  1.000000
shape_offset  0.000000  0.000000
$EndPAD
$PAD "3"
Shape Circle Layer both
position  0.000000  5.080000  size  1.700000  1.700000  orientation 360.00
drill  1.000000
shape_offset  0.000000  0.000000
$EndPAD
$PAD "4"
Shape Circle Layer both
position  0.000000  7.620000  size  1.700000  1.700000  orientation 360.00
drill  1.000000
shape_offset  0.000000  0.000000
$EndPAD
$PAD "5"
Shape Circle Layer both
position  0.000000 10.160000  size  1.700000  1.700000  orientation 360.00
drill  1.000000
shape_offset  0.000000  0.000000
$EndPAD
$PAD "6"
Shape Circle Layer both
position  0.000000 12.700000  size  1.700000  1.700000  orientation 360.00
drill  1.000000
shape_offset  0.000000  0.000000
$EndPAD
$PAD "7"
Shape Circle Layer both
position  0.000000 15.240000  size  1.700000  1.700000  orientation 360.00
drill  1.000000
shape_offset  0.000000  0.000000
$EndPAD
$EndMODULE  J7

$MODULE J8
footprint TerminalBlock_RND:TerminalBlock_RND_205-00045_1x02_P5.00mm_Horizontal
attribut none
position 179.900000 141.950000  orientation 0.00
layer front
$PAD "1"
Shape Roundrect Layer both
position  0.000000  0.000000  size  2.100000  2.100000  orientation 0.00
drill  1.100000
shape_offset  0.000000  0.000000
$EndPAD
$PAD "2"
Shape Circle Layer both
position  5.000000  0.000000  size  2.100000  2.100000  orientation 0.00
drill  1.100000
shape_offset  0.000000  0.000000
$EndPAD
$EndMODULE  J8

$MODULE J9
footprint TerminalBlock_RND:TerminalBlock_RND_205-00045_1x02_P5.00mm_Horizontal
attribut none
position 164.440000 141.917500  orientation 0.00
layer front
$PAD "1"
Shape Roundrect Layer both
position  0.000000  0.000000  size  2.100000  2.100000  orientation 0.00
drill  1.100000
shape_offset  0.000000  0.000000
$EndPAD
$PAD "2"
Shape Circle Layer both
position  5.000000  0.000000  size  2.100000  2.100000  orientation 0.00
drill  1.100000
shape_offset  0.000000  0.000000
$EndPAD
$EndMODULE  J9

$MODULE J10
footprint S5B-ZR_LF__SN_:JST_S5B-ZR_LF__SN_
attribut none
position 101.250000 85.767500  orientation -90.00
layer front
$PAD "1"
Shape Rect Layer both
position -3.000000 -1.600000  size  1.238000  1.238000  orientation 360.00
drill  0.730000
shape_offset  0.000000  0.000000
$EndPAD
$PAD "2"
Shape Circle Layer both
position -1.500000 -1.600000  size  1.238000  1.238000  orientation 360.00
drill  0.730000
shape_offset  0.000000  0.000000
$EndPAD
$PAD "3"
Shape Circle Layer both
position  0.000000 -1.600000  size  1.238000  1.238000  orientation 360.00
drill  0.730000
shape_offset  0.000000  0.000000
$EndPAD
$PAD "4"
Shape Circle Layer both
position  1.500000 -1.600000  size  1.238000  1.238000  orientation 360.00
drill  0.730000
shape_offset  0.000000  0.000000
$EndPAD
$PAD "5"
Shape Circle Layer both
position  3.000000 -1.600000  size  1.238000  1.238000  orientation 360.00
drill  0.730000
shape_offset  0.000000  0.000000
$EndPAD
$EndMODULE  J10

$MODULE J11
footprint Connector_Card:microSD_HC_Wuerth_693072010801
attribut smd
position 104.215000 111.065000  orientation -90.00
layer back
$PAD "1"
Shape Rect Layer back
position -3.200000  1.550000  size  0.800000  1.500000  orientation 360.00
drill  0.000000
shape_offset  0.000000  0.000000
$EndPAD
$PAD "2"
Shape Rect Layer back
position -2.100000  1.550000  size  0.800000  1.500000  orientation 360.00
drill  0.000000
shape_offset  0.000000  0.000000
$EndPAD
$PAD "3"
Shape Rect Layer back
position -1.000000  1.550000  size  0.800000  1.500000  orientation 360.00
drill  0.000000
shape_offset  0.000000  0.000000
$EndPAD
$PAD "4"
Shape Rect Layer back
position  0.100000  1.550000  size  0.800000  1.500000  orientation 360.00
drill  0.000000
shape_offset  0.000000  0.000000
$EndPAD
$PAD "5"
Shape Rect Layer back
position  1.200000  1.550000  size  0.800000  1.500000  orientation 360.00
drill  0.000000
shape_offset  0.000000  0.000000
$EndPAD
$PAD "6"
Shape Rect Layer back
position  2.300000  1.550000  size  0.800000  1.500000  orientation 360.00
drill  0.000000
shape_offset  0.000000  0.000000
$EndPAD
$PAD "7"
Shape Rect Layer back
position  3.400000  1.550000  size  0.800000  1.500000  orientation 360.00
drill  0.000000
shape_offset  0.000000  0.000000
$EndPAD
$PAD "8"
Shape Rect Layer back
position  4.500000  1.550000  size  0.800000  1.500000  orientation 360.00
drill  0.000000
shape_offset  0.000000  0.000000
$EndPAD
$PAD "9"
Shape Rect Layer back
position -6.875000 -4.150000  size  1.450000  2.000000  orientation 360.00
drill  0.000000
shape_offset  0.000000  0.000000
$EndPAD
$PAD "9"
Shape Rect Layer back
position -6.875000  4.150000  size  1.450000  2.000000  orientation 360.00
drill  0.000000
shape_offset  0.000000  0.000000
$EndPAD
$PAD "9"
Shape Rect Layer back
position  6.875000 -4.150000  size  1.450000  2.000000  orientation 360.00
drill  0.000000
shape_offset  0.000000  0.000000
$EndPAD
$PAD "9"
Shape Rect Layer back
position  6.875000  4.150000  size  1.450000  2.000000  orientation 360.00
drill  0.000000
shape_offset  0.000000  0.000000
$EndPAD
$EndMODULE  J11

$MODULE J13
footprint Connector_PinHeader_2.54mm:PinHeader_1x07_P2.54mm_Vertical
attribut none
position 196.100000 135.560000  orientation 180.00
layer front
$PAD "1"
Shape Rect Layer both
position  0.000000  0.000000  size  1.700000  1.700000  orientation 0.00
drill  1.000000
shape_offset  0.000000  0.000000
$EndPAD
$PAD "2"
Shape Circle Layer both
position  0.000000  2.540000  size  1.700000  1.700000  orientation 0.00
drill  1.000000
shape_offset  0.000000  0.000000
$EndPAD
$PAD "3"
Shape Circle Layer both
position  0.000000  5.080000  size  1.700000  1.700000  orientation 0.00
drill  1.000000
shape_offset  0.000000  0.000000
$EndPAD
$PAD "4"
Shape Circle Layer both
position  0.000000  7.620000  size  1.700000  1.700000  orientation 0.00
drill  1.000000
shape_offset  0.000000  0.000000
$EndPAD
$PAD "5"
Shape Circle Layer both
position  0.000000 10.160000  size  1.700000  1.700000  orientation 0.00
drill  1.000000
shape_offset  0.000000  0.000000
$EndPAD
$PAD "6"
Shape Circle Layer both
position  0.000000 12.700000  size  1.700000  1.700000  orientation 0.00
drill  1.000000
shape_offset  0.000000  0.000000
$EndPAD
$PAD "7"
Shape Circle Layer both
position  0.000000 15.240000  size  1.700000  1.700000  orientation 0.00
drill  1.000000
shape_offset  0.000000  0.000000
$EndPAD
$EndMODULE  J13

$MODULE J14
footprint Connector_PinHeader_2.54mm:PinHeader_1x08_P2.54mm_Vertical
attribut none
position 169.540000 73.250000  orientation -90.00
layer front
$PAD "1"
Shape Rect Layer both
position  0.000000  0.000000  size  1.700000  1.700000  orientation 360.00
drill  1.000000
shape_offset  0.000000  0.000000
$EndPAD
$PAD "2"
Shape Circle Layer both
position  0.000000  2.540000  size  1.700000  1.700000  orientation 360.00
drill  1.000000
shape_offset  0.000000  0.000000
$EndPAD
$PAD "3"
Shape Circle Layer both
position  0.000000  5.080000  size  1.700000  1.700000  orientation 360.00
drill  1.000000
shape_offset  0.000000  0.000000
$EndPAD
$PAD "4"
Shape Circle Layer both
position  0.000000  7.620000  size  1.700000  1.700000  orientation 360.00
drill  1.000000
shape_offset  0.000000  0.000000
$EndPAD
$PAD "5"
Shape Circle Layer both
position  0.000000 10.160000  size  1.700000  1.700000  orientation 360.00
drill  1.000000
shape_offset  0.000000  0.000000
$EndPAD
$PAD "6"
Shape Circle Layer both
position  0.000000 12.700000  size  1.700000  1.700000  orientation 360.00
drill  1.000000
shape_offset  0.000000  0.000000
$EndPAD
$PAD "7"
Shape Circle Layer both
position  0.000000 15.240000  size  1.700000  1.700000  orientation 360.00
drill  1.000000
shape_offset  0.000000  0.000000
$EndPAD
$PAD "8"
Shape Circle Layer both
position  0.000000 17.780000  size  1.700000  1.700000  orientation 360.00
drill  1.000000
shape_offset  0.000000  0.000000
$EndPAD
$EndMODULE  J14

$MODULE l1
footprint Symbol:ESD-Logo_6.6x6mm_SilkScreen
attribut virtual
position 182.670000 113.770000  orientation 0.00
layer front
$EndMODULE  l1

$MODULE L1
footprint XEL4030-102MEC:IND_XEL4030-102MEC
attribut smd
position 139.140000 140.750000  orientation 0.00
layer front
$PAD "1"
Shape Rect Layer front
position -1.185000  0.000000  size  0.980000  3.400000  orientation 0.00
drill  0.000000
shape_offset  0.000000  0.000000
$EndPAD
$PAD "2"
Shape Rect Layer front
position  1.185000  0.000000  size  0.980000  3.400000  orientation 0.00
drill  0.000000
shape_offset  0.000000  0.000000
$EndPAD
$EndMODULE  L1

$MODULE L2
footprint Inductor_SMD:L_0603_1608Metric
attribut smd
position 187.900000 101.820000  orientation -90.00
layer front
$PAD "1"
Shape Roundrect Layer front
position -0.787500  0.000000  size  0.875000  0.950000  orientation 360.00
drill  0.000000
shape_offset  0.000000  0.000000
$EndPAD
$PAD "2"
Shape Roundrect Layer front
position  0.787500  0.000000  size  0.875000  0.950000  orientation 360.00
drill  0.000000
shape_offset  0.000000  0.000000
$EndPAD
$EndMODULE  L2

$MODULE l2
footprint Symbol:WEEE-Logo_4.2x6mm_SilkScreen
attribut virtual
position 173.520000 102.140000  orientation 0.00
layer front
$EndMODULE  l2

$MODULE l3
footprint Symbol:OSHW-Logo2_24.3x20mm_SilkScreen
attribut virtual
position 148.340001 104.687443  orientation 180.00
layer back
$EndMODULE  l3

$MODULE L3
footprint WE-SL2:WE-SL2
attribut smd
position 182.300000 130.293250  orientation -90.00
layer back
$PAD "1"
Shape Rect Layer back
position -3.750000  1.270000  size  2.000000  1.200000  orientation 360.00
drill  0.000000
shape_offset  0.000000  0.000000
$EndPAD
$PAD "2"
Shape Rect Layer back
position -3.750000 -1.270000  size  2.000000  1.200000  orientation 360.00
drill  0.000000
shape_offset  0.000000  0.000000
$EndPAD
$PAD "3"
Shape Rect Layer back
position  3.750000 -1.270000  size  2.000000  1.200000  orientation 360.00
drill  0.000000
shape_offset  0.000000  0.000000
$EndPAD
$PAD "4"
Shape Rect Layer back
position  3.750000  1.270000  size  2.000000  1.200000  orientation 360.00
drill  0.000000
shape_offset  0.000000  0.000000
$EndPAD
$EndMODULE  L3

$MODULE l4
footprint Symbol:KiCad-Logo2_5mm_SilkScreen
attribut virtual
position 101.695000 131.895000  orientation 90.00
layer back
$EndMODULE  l4

$MODULE l5
footprint Symbol:Symbol_CreativeCommonsPublicDomain_SilkScreenTop_Small
attribut virtual
position 103.605000 74.440000  orientation 180.00
layer back
$EndMODULE  l5

$MODULE MK1
footprint Sensor_Audio:Knowles_SPH0645LM4H-6_3.5x2.65mm
attribut smd
position 151.010000 144.422000  orientation 0.00
layer front
$PAD ""
Shape Circle Layer nocopper
position  0.000000  0.710000  size  0.500000  0.500000  orientation 0.00
drill  0.500000
shape_offset  0.000000  0.000000
$EndPAD
$PAD "1"
Shape Roundrect Layer front
position -0.900000 -1.364000  size  0.600000  0.522000  orientation 0.00
drill  0.000000
shape_offset  0.000000  0.000000
$EndPAD
$PAD "2"
Shape Roundrect Layer front
position -0.900000 -0.542000  size  0.600000  0.522000  orientation 0.00
drill  0.000000
shape_offset  0.000000  0.000000
$EndPAD
$PAD "3"
Shape CustomShape Layer front
position  0.662000  0.710000  size  0.300000  0.300000  orientation 90.00
drill  0.000000
shape_offset  0.000000  0.000000
$EndPAD
$PAD "4"
Shape Roundrect Layer front
position  0.900000 -0.542000  size  0.600000  0.522000  orientation 0.00
drill  0.000000
shape_offset  0.000000  0.000000
$EndPAD
$PAD "5"
Shape Roundrect Layer front
position  0.900000 -1.364000  size  0.600000  0.522000  orientation 0.00
drill  0.000000
shape_offset  0.000000  0.000000
$EndPAD
$PAD "6"
Shape Roundrect Layer front
position  0.000000 -1.364000  size  0.600000  0.522000  orientation 0.00
drill  0.000000
shape_offset  0.000000  0.000000
$EndPAD
$EndMODULE  MK1

$MODULE MK2
footprint Sensor_Audio:Knowles_SPH0645LM4H-6_3.5x2.65mm
attribut smd
position 155.410000 144.410000  orientation 0.00
layer front
$PAD ""
Shape Circle Layer nocopper
position  0.000000  0.710000  size  0.500000  0.500000  orientation 0.00
drill  0.500000
shape_offset  0.000000  0.000000
$EndPAD
$PAD "1"
Shape Roundrect Layer front
position -0.900000 -1.364000  size  0.600000  0.522000  orientation 0.00
drill  0.000000
shape_offset  0.000000  0.000000
$EndPAD
$PAD "2"
Shape Roundrect Layer front
position -0.900000 -0.542000  size  0.600000  0.522000  orientation 0.00
drill  0.000000
shape_offset  0.000000  0.000000
$EndPAD
$PAD "3"
Shape CustomShape Layer front
position  0.662000  0.710000  size  0.300000  0.300000  orientation 90.00
drill  0.000000
shape_offset  0.000000  0.000000
$EndPAD
$PAD "4"
Shape Roundrect Layer front
position  0.900000 -0.542000  size  0.600000  0.522000  orientation 0.00
drill  0.000000
shape_offset  0.000000  0.000000
$EndPAD
$PAD "5"
Shape Roundrect Layer front
position  0.900000 -1.364000  size  0.600000  0.522000  orientation 0.00
drill  0.000000
shape_offset  0.000000  0.000000
$EndPAD
$PAD "6"
Shape Roundrect Layer front
position  0.000000 -1.364000  size  0.600000  0.522000  orientation 0.00
drill  0.000000
shape_offset  0.000000  0.000000
$EndPAD
$EndMODULE  MK2

$MODULE Q1
footprint Package_TO_SOT_SMD:SOT-23
attribut smd
position 163.930000 89.032500  orientation 180.00
layer front
$PAD "1"
Shape Roundrect Layer front
position -0.937500 -0.950000  size  1.475000  0.600000  orientation 0.00
drill  0.000000
shape_offset  0.000000  0.000000
$EndPAD
$PAD "2"
Shape Roundrect Layer front
position -0.937500  0.950000  size  1.475000  0.600000  orientation 0.00
drill  0.000000
shape_offset  0.000000  0.000000
$EndPAD
$PAD "3"
Shape Roundrect Layer front
position  0.937500  0.000000  size  1.475000  0.600000  orientation 0.00
drill  0.000000
shape_offset  0.000000  0.000000
$EndPAD
$EndMODULE  Q1

$MODULE Q3
footprint Package_TO_SOT_SMD:SOT-23
attribut smd
position 121.780000 98.487500  orientation -90.00
layer front
$PAD "1"
Shape Roundrect Layer front
position -0.937500 -0.950000  size  1.475000  0.600000  orientation 360.00
drill  0.000000
shape_offset  0.000000  0.000000
$EndPAD
$PAD "2"
Shape Roundrect Layer front
position -0.937500  0.950000  size  1.475000  0.600000  orientation 360.00
drill  0.000000
shape_offset  0.000000  0.000000
$EndPAD
$PAD "3"
Shape Roundrect Layer front
position  0.937500  0.000000  size  1.475000  0.600000  orientation 360.00
drill  0.000000
shape_offset  0.000000  0.000000
$EndPAD
$EndMODULE  Q3

$MODULE Q4
footprint Package_TO_SOT_SMD:SOT-23
attribut smd
position 116.853809 98.568299  orientation -90.00
layer front
$PAD "1"
Shape Roundrect Layer front
position -0.937500 -0.950000  size  1.475000  0.600000  orientation 360.00
drill  0.000000
shape_offset  0.000000  0.000000
$EndPAD
$PAD "2"
Shape Roundrect Layer front
position -0.937500  0.950000  size  1.475000  0.600000  orientation 360.00
drill  0.000000
shape_offset  0.000000  0.000000
$EndPAD
$PAD "3"
Shape Roundrect Layer front
position  0.937500  0.000000  size  1.475000  0.600000  orientation 360.00
drill  0.000000
shape_offset  0.000000  0.000000
$EndPAD
$EndMODULE  Q4

$MODULE Q5
footprint Package_TO_SOT_SMD:SOT-23
attribut smd
position 122.682500 120.227594  orientation 180.00
layer front
$PAD "1"
Shape Roundrect Layer front
position -0.937500 -0.950000  size  1.475000  0.600000  orientation 0.00
drill  0.000000
shape_offset  0.000000  0.000000
$EndPAD
$PAD "2"
Shape Roundrect Layer front
position -0.937500  0.950000  size  1.475000  0.600000  orientation 0.00
drill  0.000000
shape_offset  0.000000  0.000000
$EndPAD
$PAD "3"
Shape Roundrect Layer front
position  0.937500  0.000000  size  1.475000  0.600000  orientation 0.00
drill  0.000000
shape_offset  0.000000  0.000000
$EndPAD
$EndMODULE  Q5

$MODULE Q6
footprint Package_TO_SOT_SMD:SOT-23
attribut smd
position 122.652500 124.177594  orientation 180.00
layer front
$PAD "1"
Shape Roundrect Layer front
position -0.937500 -0.950000  size  1.475000  0.600000  orientation 0.00
drill  0.000000
shape_offset  0.000000  0.000000
$EndPAD
$PAD "2"
Shape Roundrect Layer front
position -0.937500  0.950000  size  1.475000  0.600000  orientation 0.00
drill  0.000000
shape_offset  0.000000  0.000000
$EndPAD
$PAD "3"
Shape Roundrect Layer front
position  0.937500  0.000000  size  1.475000  0.600000  orientation 0.00
drill  0.000000
shape_offset  0.000000  0.000000
$EndPAD
$EndMODULE  Q6

$MODULE Q7
footprint Package_TO_SOT_SMD:SOT-23
attribut smd
position 186.800000 76.992500  orientation 90.00
layer front
$PAD "1"
Shape Roundrect Layer front
position -0.937500 -0.950000  size  1.475000  0.600000  orientation 0.00
drill  0.000000
shape_offset  0.000000  0.000000
$EndPAD
$PAD "2"
Shape Roundrect Layer front
position -0.937500  0.950000  size  1.475000  0.600000  orientation 0.00
drill  0.000000
shape_offset  0.000000  0.000000
$EndPAD
$PAD "3"
Shape Roundrect Layer front
position  0.937500  0.000000  size  1.475000  0.600000  orientation 0.00
drill  0.000000
shape_offset  0.000000  0.000000
$EndPAD
$EndMODULE  Q7

$MODULE Q8
footprint Package_TO_SOT_SMD:SOT-23
attribut smd
position 183.390000 77.112500  orientation 90.00
layer front
$PAD "1"
Shape Roundrect Layer front
position -0.937500 -0.950000  size  1.475000  0.600000  orientation 0.00
drill  0.000000
shape_offset  0.000000  0.000000
$EndPAD
$PAD "2"
Shape Roundrect Layer front
position -0.937500  0.950000  size  1.475000  0.600000  orientation 0.00
drill  0.000000
shape_offset  0.000000  0.000000
$EndPAD
$PAD "3"
Shape Roundrect Layer front
position  0.937500  0.000000  size  1.475000  0.600000  orientation 0.00
drill  0.000000
shape_offset  0.000000  0.000000
$EndPAD
$EndMODULE  Q8

$MODULE R1
footprint Resistor_SMD:R_0603_1608Metric
attribut smd
position 129.150000 136.745000  orientation 90.00
layer front
$PAD "1"
Shape Roundrect Layer front
position -0.825000  0.000000  size  0.800000  0.950000  orientation 0.00
drill  0.000000
shape_offset  0.000000  0.000000
$EndPAD
$PAD "2"
Shape Roundrect Layer front
position  0.825000  0.000000  size  0.800000  0.950000  orientation 0.00
drill  0.000000
shape_offset  0.000000  0.000000
$EndPAD
$EndMODULE  R1

$MODULE R2
footprint Resistor_SMD:R_0603_1608Metric
attribut smd
position 130.680000 136.745000  orientation 90.00
layer front
$PAD "1"
Shape Roundrect Layer front
position -0.825000  0.000000  size  0.800000  0.950000  orientation 0.00
drill  0.000000
shape_offset  0.000000  0.000000
$EndPAD
$PAD "2"
Shape Roundrect Layer front
position  0.825000  0.000000  size  0.800000  0.950000  orientation 0.00
drill  0.000000
shape_offset  0.000000  0.000000
$EndPAD
$EndMODULE  R2

$MODULE R3
footprint Resistor_SMD:R_0603_1608Metric
attribut smd
position 132.200000 136.745000  orientation 90.00
layer front
$PAD "1"
Shape Roundrect Layer front
position -0.825000  0.000000  size  0.800000  0.950000  orientation 0.00
drill  0.000000
shape_offset  0.000000  0.000000
$EndPAD
$PAD "2"
Shape Roundrect Layer front
position  0.825000  0.000000  size  0.800000  0.950000  orientation 0.00
drill  0.000000
shape_offset  0.000000  0.000000
$EndPAD
$EndMODULE  R3

$MODULE R4
footprint Resistor_SMD:R_0603_1608Metric
attribut smd
position 127.930000 128.885000  orientation 180.00
layer front
$PAD "1"
Shape Roundrect Layer front
position -0.825000  0.000000  size  0.800000  0.950000  orientation 0.00
drill  0.000000
shape_offset  0.000000  0.000000
$EndPAD
$PAD "2"
Shape Roundrect Layer front
position  0.825000  0.000000  size  0.800000  0.950000  orientation 0.00
drill  0.000000
shape_offset  0.000000  0.000000
$EndPAD
$EndMODULE  R4

$MODULE R5
footprint Resistor_SMD:R_0603_1608Metric
attribut smd
position 127.930000 130.415000  orientation 180.00
layer front
$PAD "1"
Shape Roundrect Layer front
position -0.825000  0.000000  size  0.800000  0.950000  orientation 0.00
drill  0.000000
shape_offset  0.000000  0.000000
$EndPAD
$PAD "2"
Shape Roundrect Layer front
position  0.825000  0.000000  size  0.800000  0.950000  orientation 0.00
drill  0.000000
shape_offset  0.000000  0.000000
$EndPAD
$EndMODULE  R5

$MODULE R6
footprint Resistor_SMD:R_0603_1608Metric
attribut smd
position 109.670000 137.065000  orientation 0.00
layer front
$PAD "1"
Shape Roundrect Layer front
position -0.825000  0.000000  size  0.800000  0.950000  orientation 0.00
drill  0.000000
shape_offset  0.000000  0.000000
$EndPAD
$PAD "2"
Shape Roundrect Layer front
position  0.825000  0.000000  size  0.800000  0.950000  orientation 0.00
drill  0.000000
shape_offset  0.000000  0.000000
$EndPAD
$EndMODULE  R6

$MODULE R7
footprint Resistor_SMD:R_0603_1608Metric
attribut smd
position 107.120000 126.865000  orientation 90.00
layer front
$PAD "1"
Shape Roundrect Layer front
position -0.825000  0.000000  size  0.800000  0.950000  orientation 0.00
drill  0.000000
shape_offset  0.000000  0.000000
$EndPAD
$PAD "2"
Shape Roundrect Layer front
position  0.825000  0.000000  size  0.800000  0.950000  orientation 0.00
drill  0.000000
shape_offset  0.000000  0.000000
$EndPAD
$EndMODULE  R7

$MODULE R8
footprint Resistor_SMD:R_0603_1608Metric
attribut smd
position 108.650000 126.865000  orientation 90.00
layer front
$PAD "1"
Shape Roundrect Layer front
position -0.825000  0.000000  size  0.800000  0.950000  orientation 0.00
drill  0.000000
shape_offset  0.000000  0.000000
$EndPAD
$PAD "2"
Shape Roundrect Layer front
position  0.825000  0.000000  size  0.800000  0.950000  orientation 0.00
drill  0.000000
shape_offset  0.000000  0.000000
$EndPAD
$EndMODULE  R8

$MODULE R9
footprint Resistor_SMD:R_0603_1608Metric
attribut smd
position 137.490000 133.850000  orientation -90.00
layer front
$PAD "1"
Shape Roundrect Layer front
position -0.825000  0.000000  size  0.800000  0.950000  orientation 360.00
drill  0.000000
shape_offset  0.000000  0.000000
$EndPAD
$PAD "2"
Shape Roundrect Layer front
position  0.825000  0.000000  size  0.800000  0.950000  orientation 360.00
drill  0.000000
shape_offset  0.000000  0.000000
$EndPAD
$EndMODULE  R9

$MODULE R10
footprint Resistor_SMD:R_0603_1608Metric
attribut smd
position 135.950000 133.840000  orientation 90.00
layer front
$PAD "1"
Shape Roundrect Layer front
position -0.825000  0.000000  size  0.800000  0.950000  orientation 0.00
drill  0.000000
shape_offset  0.000000  0.000000
$EndPAD
$PAD "2"
Shape Roundrect Layer front
position  0.825000  0.000000  size  0.800000  0.950000  orientation 0.00
drill  0.000000
shape_offset  0.000000  0.000000
$EndPAD
$EndMODULE  R10

$MODULE R11
footprint Resistor_SMD:R_0603_1608Metric
attribut smd
position 152.905000 127.550000  orientation 180.00
layer front
$PAD "1"
Shape Roundrect Layer front
position -0.825000  0.000000  size  0.800000  0.950000  orientation 0.00
drill  0.000000
shape_offset  0.000000  0.000000
$EndPAD
$PAD "2"
Shape Roundrect Layer front
position  0.825000  0.000000  size  0.800000  0.950000  orientation 0.00
drill  0.000000
shape_offset  0.000000  0.000000
$EndPAD
$EndMODULE  R11

$MODULE R12
footprint Resistor_SMD:R_0603_1608Metric
attribut smd
position 129.050000 117.470000  orientation 0.00
layer front
$PAD "1"
Shape Roundrect Layer front
position -0.825000  0.000000  size  0.800000  0.950000  orientation 0.00
drill  0.000000
shape_offset  0.000000  0.000000
$EndPAD
$PAD "2"
Shape Roundrect Layer front
position  0.825000  0.000000  size  0.800000  0.950000  orientation 0.00
drill  0.000000
shape_offset  0.000000  0.000000
$EndPAD
$EndMODULE  R12

$MODULE R13
footprint Resistor_SMD:R_0603_1608Metric
attribut smd
position 129.035000 115.320000  orientation 0.00
layer front
$PAD "1"
Shape Roundrect Layer front
position -0.825000  0.000000  size  0.800000  0.950000  orientation 0.00
drill  0.000000
shape_offset  0.000000  0.000000
$EndPAD
$PAD "2"
Shape Roundrect Layer front
position  0.825000  0.000000  size  0.800000  0.950000  orientation 0.00
drill  0.000000
shape_offset  0.000000  0.000000
$EndPAD
$EndMODULE  R13

$MODULE R14
footprint Resistor_SMD:R_0603_1608Metric
attribut smd
position 112.820000 129.100000  orientation 180.00
layer front
$PAD "1"
Shape Roundrect Layer front
position -0.825000  0.000000  size  0.800000  0.950000  orientation 0.00
drill  0.000000
shape_offset  0.000000  0.000000
$EndPAD
$PAD "2"
Shape Roundrect Layer front
position  0.825000  0.000000  size  0.800000  0.950000  orientation 0.00
drill  0.000000
shape_offset  0.000000  0.000000
$EndPAD
$EndMODULE  R14

$MODULE R15
footprint Resistor_SMD:R_0603_1608Metric
attribut smd
position 112.800000 130.820000  orientation 180.00
layer front
$PAD "1"
Shape Roundrect Layer front
position -0.825000  0.000000  size  0.800000  0.950000  orientation 0.00
drill  0.000000
shape_offset  0.000000  0.000000
$EndPAD
$PAD "2"
Shape Roundrect Layer front
position  0.825000  0.000000  size  0.800000  0.950000  orientation 0.00
drill  0.000000
shape_offset  0.000000  0.000000
$EndPAD
$EndMODULE  R15

$MODULE R16
footprint Resistor_SMD:R_0603_1608Metric
attribut smd
position 145.750000 93.650000  orientation -90.00
layer front
$PAD "1"
Shape Roundrect Layer front
position -0.825000  0.000000  size  0.800000  0.950000  orientation 360.00
drill  0.000000
shape_offset  0.000000  0.000000
$EndPAD
$PAD "2"
Shape Roundrect Layer front
position  0.825000  0.000000  size  0.800000  0.950000  orientation 360.00
drill  0.000000
shape_offset  0.000000  0.000000
$EndPAD
$EndMODULE  R16

$MODULE R17
footprint Resistor_SMD:R_0603_1608Metric
attribut smd
position 144.130000 93.660000  orientation -90.00
layer front
$PAD "1"
Shape Roundrect Layer front
position -0.825000  0.000000  size  0.800000  0.950000  orientation 360.00
drill  0.000000
shape_offset  0.000000  0.000000
$EndPAD
$PAD "2"
Shape Roundrect Layer front
position  0.825000  0.000000  size  0.800000  0.950000  orientation 360.00
drill  0.000000
shape_offset  0.000000  0.000000
$EndPAD
$EndMODULE  R17

$MODULE R18
footprint Resistor_SMD:R_0603_1608Metric
attribut smd
position 142.510000 93.670000  orientation -90.00
layer front
$PAD "1"
Shape Roundrect Layer front
position -0.825000  0.000000  size  0.800000  0.950000  orientation 360.00
drill  0.000000
shape_offset  0.000000  0.000000
$EndPAD
$PAD "2"
Shape Roundrect Layer front
position  0.825000  0.000000  size  0.800000  0.950000  orientation 360.00
drill  0.000000
shape_offset  0.000000  0.000000
$EndPAD
$EndMODULE  R18

$MODULE R19
footprint Resistor_SMD:R_0603_1608Metric
attribut smd
position 153.945000 89.070000  orientation 180.00
layer front
$PAD "1"
Shape Roundrect Layer front
position -0.825000  0.000000  size  0.800000  0.950000  orientation 0.00
drill  0.000000
shape_offset  0.000000  0.000000
$EndPAD
$PAD "2"
Shape Roundrect Layer front
position  0.825000  0.000000  size  0.800000  0.950000  orientation 0.00
drill  0.000000
shape_offset  0.000000  0.000000
$EndPAD
$EndMODULE  R19

$MODULE R20
footprint Resistor_SMD:R_0603_1608Metric
attribut smd
position 173.240000 84.110000  orientation 90.00
layer front
$PAD "1"
Shape Roundrect Layer front
position -0.825000  0.000000  size  0.800000  0.950000  orientation 0.00
drill  0.000000
shape_offset  0.000000  0.000000
$EndPAD
$PAD "2"
Shape Roundrect Layer front
position  0.825000  0.000000  size  0.800000  0.950000  orientation 0.00
drill  0.000000
shape_offset  0.000000  0.000000
$EndPAD
$EndMODULE  R20

$MODULE R21
footprint Resistor_SMD:R_0603_1608Metric
attribut smd
position 129.090000 93.140000  orientation 0.00
layer front
$PAD "1"
Shape Roundrect Layer front
position -0.825000  0.000000  size  0.800000  0.950000  orientation 0.00
drill  0.000000
shape_offset  0.000000  0.000000
$EndPAD
$PAD "2"
Shape Roundrect Layer front
position  0.825000  0.000000  size  0.800000  0.950000  orientation 0.00
drill  0.000000
shape_offset  0.000000  0.000000
$EndPAD
$EndMODULE  R21

$MODULE R22
footprint Resistor_SMD:R_0603_1608Metric
attribut smd
position 129.120000 94.680000  orientation 0.00
layer front
$PAD "1"
Shape Roundrect Layer front
position -0.825000  0.000000  size  0.800000  0.950000  orientation 0.00
drill  0.000000
shape_offset  0.000000  0.000000
$EndPAD
$PAD "2"
Shape Roundrect Layer front
position  0.825000  0.000000  size  0.800000  0.950000  orientation 0.00
drill  0.000000
shape_offset  0.000000  0.000000
$EndPAD
$EndMODULE  R22

$MODULE R23
footprint Resistor_SMD:R_0603_1608Metric
attribut smd
position 159.800000 103.660000  orientation 180.00
layer front
$PAD "1"
Shape Roundrect Layer front
position -0.825000  0.000000  size  0.800000  0.950000  orientation 0.00
drill  0.000000
shape_offset  0.000000  0.000000
$EndPAD
$PAD "2"
Shape Roundrect Layer front
position  0.825000  0.000000  size  0.800000  0.950000  orientation 0.00
drill  0.000000
shape_offset  0.000000  0.000000
$EndPAD
$EndMODULE  R23

$MODULE R24
footprint Resistor_SMD:R_0603_1608Metric
attribut smd
position 181.240000 100.800000  orientation -90.00
layer front
$PAD "1"
Shape Roundrect Layer front
position -0.825000  0.000000  size  0.800000  0.950000  orientation 360.00
drill  0.000000
shape_offset  0.000000  0.000000
$EndPAD
$PAD "2"
Shape Roundrect Layer front
position  0.825000  0.000000  size  0.800000  0.950000  orientation 360.00
drill  0.000000
shape_offset  0.000000  0.000000
$EndPAD
$EndMODULE  R24

$MODULE R25
footprint Resistor_SMD:R_0603_1608Metric
attribut smd
position 159.800000 102.140000  orientation 180.00
layer front
$PAD "1"
Shape Roundrect Layer front
position -0.825000  0.000000  size  0.800000  0.950000  orientation 0.00
drill  0.000000
shape_offset  0.000000  0.000000
$EndPAD
$PAD "2"
Shape Roundrect Layer front
position  0.825000  0.000000  size  0.800000  0.950000  orientation 0.00
drill  0.000000
shape_offset  0.000000  0.000000
$EndPAD
$EndMODULE  R25

$MODULE R26
footprint Resistor_SMD:R_0603_1608Metric
attribut smd
position 179.710000 100.800000  orientation -90.00
layer front
$PAD "1"
Shape Roundrect Layer front
position -0.825000  0.000000  size  0.800000  0.950000  orientation 360.00
drill  0.000000
shape_offset  0.000000  0.000000
$EndPAD
$PAD "2"
Shape Roundrect Layer front
position  0.825000  0.000000  size  0.800000  0.950000  orientation 360.00
drill  0.000000
shape_offset  0.000000  0.000000
$EndPAD
$EndMODULE  R26

$MODULE R27
footprint Resistor_SMD:R_0603_1608Metric
attribut smd
position 131.620000 81.750000  orientation 0.00
layer front
$PAD "1"
Shape Roundrect Layer front
position -0.825000  0.000000  size  0.800000  0.950000  orientation 0.00
drill  0.000000
shape_offset  0.000000  0.000000
$EndPAD
$PAD "2"
Shape Roundrect Layer front
position  0.825000  0.000000  size  0.800000  0.950000  orientation 0.00
drill  0.000000
shape_offset  0.000000  0.000000
$EndPAD
$EndMODULE  R27

$MODULE R28
footprint Resistor_SMD:R_0603_1608Metric
attribut smd
position 112.600000 92.800000  orientation 180.00
layer front
$PAD "1"
Shape Roundrect Layer front
position -0.825000  0.000000  size  0.800000  0.950000  orientation 0.00
drill  0.000000
shape_offset  0.000000  0.000000
$EndPAD
$PAD "2"
Shape Roundrect Layer front
position  0.825000  0.000000  size  0.800000  0.950000  orientation 0.00
drill  0.000000
shape_offset  0.000000  0.000000
$EndPAD
$EndMODULE  R28

$MODULE R29
footprint Resistor_SMD:R_0603_1608Metric
attribut smd
position 107.000000 85.800000  orientation 180.00
layer front
$PAD "1"
Shape Roundrect Layer front
position -0.825000  0.000000  size  0.800000  0.950000  orientation 0.00
drill  0.000000
shape_offset  0.000000  0.000000
$EndPAD
$PAD "2"
Shape Roundrect Layer front
position  0.825000  0.000000  size  0.800000  0.950000  orientation 0.00
drill  0.000000
shape_offset  0.000000  0.000000
$EndPAD
$EndMODULE  R29

$MODULE R30
footprint Resistor_SMD:R_0603_1608Metric
attribut smd
position 108.100000 90.900000  orientation 180.00
layer front
$PAD "1"
Shape Roundrect Layer front
position -0.825000  0.000000  size  0.800000  0.950000  orientation 0.00
drill  0.000000
shape_offset  0.000000  0.000000
$EndPAD
$PAD "2"
Shape Roundrect Layer front
position  0.825000  0.000000  size  0.800000  0.950000  orientation 0.00
drill  0.000000
shape_offset  0.000000  0.000000
$EndPAD
$EndMODULE  R30

$MODULE R31
footprint Resistor_SMD:R_0603_1608Metric
attribut smd
position 178.140000 130.215000  orientation 90.00
layer back
$PAD "1"
Shape Roundrect Layer back
position -0.825000  0.000000  size  0.800000  0.950000  orientation 0.00
drill  0.000000
shape_offset  0.000000  0.000000
$EndPAD
$PAD "2"
Shape Roundrect Layer back
position  0.825000  0.000000  size  0.800000  0.950000  orientation 0.00
drill  0.000000
shape_offset  0.000000  0.000000
$EndPAD
$EndMODULE  R31

$MODULE R32
footprint Resistor_SMD:R_0603_1608Metric
attribut smd
position 182.380000 136.090000  orientation 180.00
layer back
$PAD "1"
Shape Roundrect Layer back
position -0.825000  0.000000  size  0.800000  0.950000  orientation 0.00
drill  0.000000
shape_offset  0.000000  0.000000
$EndPAD
$PAD "2"
Shape Roundrect Layer back
position  0.825000  0.000000  size  0.800000  0.950000  orientation 0.00
drill  0.000000
shape_offset  0.000000  0.000000
$EndPAD
$EndMODULE  R32

$MODULE R33
footprint Resistor_SMD:R_0603_1608Metric
attribut smd
position 165.225000 124.500000  orientation 180.00
layer back
$PAD "1"
Shape Roundrect Layer back
position -0.825000  0.000000  size  0.800000  0.950000  orientation 0.00
drill  0.000000
shape_offset  0.000000  0.000000
$EndPAD
$PAD "2"
Shape Roundrect Layer back
position  0.825000  0.000000  size  0.800000  0.950000  orientation 0.00
drill  0.000000
shape_offset  0.000000  0.000000
$EndPAD
$EndMODULE  R33

$MODULE R34
footprint Resistor_SMD:R_0603_1608Metric
attribut smd
position 177.100000 120.900000  orientation 90.00
layer back
$PAD "1"
Shape Roundrect Layer back
position -0.825000  0.000000  size  0.800000  0.950000  orientation 0.00
drill  0.000000
shape_offset  0.000000  0.000000
$EndPAD
$PAD "2"
Shape Roundrect Layer back
position  0.825000  0.000000  size  0.800000  0.950000  orientation 0.00
drill  0.000000
shape_offset  0.000000  0.000000
$EndPAD
$EndMODULE  R34

$MODULE R35
footprint Resistor_SMD:R_0603_1608Metric
attribut smd
position 161.200000 123.000000  orientation 180.00
layer back
$PAD "1"
Shape Roundrect Layer back
position -0.825000  0.000000  size  0.800000  0.950000  orientation 0.00
drill  0.000000
shape_offset  0.000000  0.000000
$EndPAD
$PAD "2"
Shape Roundrect Layer back
position  0.825000  0.000000  size  0.800000  0.950000  orientation 0.00
drill  0.000000
shape_offset  0.000000  0.000000
$EndPAD
$EndMODULE  R35

$MODULE R36
footprint Resistor_SMD:R_0603_1608Metric
attribut smd
position 161.150000 120.450000  orientation 180.00
layer back
$PAD "1"
Shape Roundrect Layer back
position -0.825000  0.000000  size  0.800000  0.950000  orientation 0.00
drill  0.000000
shape_offset  0.000000  0.000000
$EndPAD
$PAD "2"
Shape Roundrect Layer back
position  0.825000  0.000000  size  0.800000  0.950000  orientation 0.00
drill  0.000000
shape_offset  0.000000  0.000000
$EndPAD
$EndMODULE  R36

$MODULE R37
footprint Resistor_SMD:R_0603_1608Metric
attribut smd
position 161.150000 118.950000  orientation 180.00
layer back
$PAD "1"
Shape Roundrect Layer back
position -0.825000  0.000000  size  0.800000  0.950000  orientation 0.00
drill  0.000000
shape_offset  0.000000  0.000000
$EndPAD
$PAD "2"
Shape Roundrect Layer back
position  0.825000  0.000000  size  0.800000  0.950000  orientation 0.00
drill  0.000000
shape_offset  0.000000  0.000000
$EndPAD
$EndMODULE  R37

$MODULE R38
footprint Resistor_SMD:R_0603_1608Metric
attribut smd
position 178.700000 120.900000  orientation -90.00
layer back
$PAD "1"
Shape Roundrect Layer back
position -0.825000  0.000000  size  0.800000  0.950000  orientation 360.00
drill  0.000000
shape_offset  0.000000  0.000000
$EndPAD
$PAD "2"
Shape Roundrect Layer back
position  0.825000  0.000000  size  0.800000  0.950000  orientation 360.00
drill  0.000000
shape_offset  0.000000  0.000000
$EndPAD
$EndMODULE  R38

$MODULE R39
footprint Resistor_SMD:R_0603_1608Metric
attribut smd
position 186.490000 130.215000  orientation 90.00
layer back
$PAD "1"
Shape Roundrect Layer back
position -0.825000  0.000000  size  0.800000  0.950000  orientation 0.00
drill  0.000000
shape_offset  0.000000  0.000000
$EndPAD
$PAD "2"
Shape Roundrect Layer back
position  0.825000  0.000000  size  0.800000  0.950000  orientation 0.00
drill  0.000000
shape_offset  0.000000  0.000000
$EndPAD
$EndMODULE  R39

$MODULE R40
footprint Resistor_SMD:R_0603_1608Metric
attribut smd
position 166.950000 126.000000  orientation 180.00
layer back
$PAD "1"
Shape Roundrect Layer back
position -0.825000  0.000000  size  0.800000  0.950000  orientation 0.00
drill  0.000000
shape_offset  0.000000  0.000000
$EndPAD
$PAD "2"
Shape Roundrect Layer back
position  0.825000  0.000000  size  0.800000  0.950000  orientation 0.00
drill  0.000000
shape_offset  0.000000  0.000000
$EndPAD
$EndMODULE  R40

$MODULE R41
footprint Resistor_SMD:R_0603_1608Metric
attribut smd
position 168.650000 124.500000  orientation 180.00
layer back
$PAD "1"
Shape Roundrect Layer back
position -0.825000  0.000000  size  0.800000  0.950000  orientation 0.00
drill  0.000000
shape_offset  0.000000  0.000000
$EndPAD
$PAD "2"
Shape Roundrect Layer back
position  0.825000  0.000000  size  0.800000  0.950000  orientation 0.00
drill  0.000000
shape_offset  0.000000  0.000000
$EndPAD
$EndMODULE  R41

$MODULE R42
footprint Resistor_SMD:R_0603_1608Metric
attribut smd
position 102.210000 101.540000  orientation -90.00
layer front
$PAD "1"
Shape Roundrect Layer front
position -0.825000  0.000000  size  0.800000  0.950000  orientation 360.00
drill  0.000000
shape_offset  0.000000  0.000000
$EndPAD
$PAD "2"
Shape Roundrect Layer front
position  0.825000  0.000000  size  0.800000  0.950000  orientation 360.00
drill  0.000000
shape_offset  0.000000  0.000000
$EndPAD
$EndMODULE  R42

$MODULE R43
footprint Resistor_SMD:R_0603_1608Metric
attribut smd
position 99.150000 95.620000  orientation 90.00
layer front
$PAD "1"
Shape Roundrect Layer front
position -0.825000  0.000000  size  0.800000  0.950000  orientation 0.00
drill  0.000000
shape_offset  0.000000  0.000000
$EndPAD
$PAD "2"
Shape Roundrect Layer front
position  0.825000  0.000000  size  0.800000  0.950000  orientation 0.00
drill  0.000000
shape_offset  0.000000  0.000000
$EndPAD
$EndMODULE  R43

$MODULE R44
footprint Resistor_SMD:R_0603_1608Metric
attribut smd
position 99.950000 102.710000  orientation 0.00
layer front
$PAD "1"
Shape Roundrect Layer front
position -0.825000  0.000000  size  0.800000  0.950000  orientation 0.00
drill  0.000000
shape_offset  0.000000  0.000000
$EndPAD
$PAD "2"
Shape Roundrect Layer front
position  0.825000  0.000000  size  0.800000  0.950000  orientation 0.00
drill  0.000000
shape_offset  0.000000  0.000000
$EndPAD
$EndMODULE  R44

$MODULE R45
footprint Resistor_SMD:R_0603_1608Metric
attribut smd
position 102.876209 101.381618  orientation 90.00
layer back
$PAD "1"
Shape Roundrect Layer back
position -0.825000  0.000000  size  0.800000  0.950000  orientation 0.00
drill  0.000000
shape_offset  0.000000  0.000000
$EndPAD
$PAD "2"
Shape Roundrect Layer back
position  0.825000  0.000000  size  0.800000  0.950000  orientation 0.00
drill  0.000000
shape_offset  0.000000  0.000000
$EndPAD
$EndMODULE  R45

$MODULE R46
footprint Resistor_SMD:R_0603_1608Metric
attribut smd
position 105.562070 101.355641  orientation 90.00
layer back
$PAD "1"
Shape Roundrect Layer back
position -0.825000  0.000000  size  0.800000  0.950000  orientation 0.00
drill  0.000000
shape_offset  0.000000  0.000000
$EndPAD
$PAD "2"
Shape Roundrect Layer back
position  0.825000  0.000000  size  0.800000  0.950000  orientation 0.00
drill  0.000000
shape_offset  0.000000  0.000000
$EndPAD
$EndMODULE  R46

$MODULE R47
footprint Resistor_SMD:R_0603_1608Metric
attribut smd
position 148.680000 74.020000  orientation -90.00
layer front
$PAD "1"
Shape Roundrect Layer front
position -0.825000  0.000000  size  0.800000  0.950000  orientation 360.00
drill  0.000000
shape_offset  0.000000  0.000000
$EndPAD
$PAD "2"
Shape Roundrect Layer front
position  0.825000  0.000000  size  0.800000  0.950000  orientation 360.00
drill  0.000000
shape_offset  0.000000  0.000000
$EndPAD
$EndMODULE  R47

$MODULE R48
footprint Resistor_SMD:R_0603_1608Metric
attribut smd
position 145.580000 76.320000  orientation 0.00
layer front
$PAD "1"
Shape Roundrect Layer front
position -0.825000  0.000000  size  0.800000  0.950000  orientation 0.00
drill  0.000000
shape_offset  0.000000  0.000000
$EndPAD
$PAD "2"
Shape Roundrect Layer front
position  0.825000  0.000000  size  0.800000  0.950000  orientation 0.00
drill  0.000000
shape_offset  0.000000  0.000000
$EndPAD
$EndMODULE  R48

$MODULE R49
footprint Resistor_SMD:R_0603_1608Metric
attribut smd
position 146.460000 74.000000  orientation -90.00
layer front
$PAD "1"
Shape Roundrect Layer front
position -0.825000  0.000000  size  0.800000  0.950000  orientation 360.00
drill  0.000000
shape_offset  0.000000  0.000000
$EndPAD
$PAD "2"
Shape Roundrect Layer front
position  0.825000  0.000000  size  0.800000  0.950000  orientation 360.00
drill  0.000000
shape_offset  0.000000  0.000000
$EndPAD
$EndMODULE  R49

$MODULE R50
footprint Resistor_SMD:R_0603_1608Metric
attribut smd
position 150.980000 140.340000  orientation 90.00
layer front
$PAD "1"
Shape Roundrect Layer front
position -0.825000  0.000000  size  0.800000  0.950000  orientation 0.00
drill  0.000000
shape_offset  0.000000  0.000000
$EndPAD
$PAD "2"
Shape Roundrect Layer front
position  0.825000  0.000000  size  0.800000  0.950000  orientation 0.00
drill  0.000000
shape_offset  0.000000  0.000000
$EndPAD
$EndMODULE  R50

$MODULE R51
footprint Resistor_SMD:R_0603_1608Metric
attribut smd
position 155.390000 140.340000  orientation 90.00
layer front
$PAD "1"
Shape Roundrect Layer front
position -0.825000  0.000000  size  0.800000  0.950000  orientation 0.00
drill  0.000000
shape_offset  0.000000  0.000000
$EndPAD
$PAD "2"
Shape Roundrect Layer front
position  0.825000  0.000000  size  0.800000  0.950000  orientation 0.00
drill  0.000000
shape_offset  0.000000  0.000000
$EndPAD
$EndMODULE  R51

$MODULE R52
footprint Resistor_SMD:R_0603_1608Metric
attribut smd
position 164.905000 81.430000  orientation 0.00
layer front
$PAD "1"
Shape Roundrect Layer front
position -0.825000  0.000000  size  0.800000  0.950000  orientation 0.00
drill  0.000000
shape_offset  0.000000  0.000000
$EndPAD
$PAD "2"
Shape Roundrect Layer front
position  0.825000  0.000000  size  0.800000  0.950000  orientation 0.00
drill  0.000000
shape_offset  0.000000  0.000000
$EndPAD
$EndMODULE  R52

$MODULE R53
footprint Resistor_SMD:R_0603_1608Metric
attribut smd
position 160.275000 89.040000  orientation 180.00
layer front
$PAD "1"
Shape Roundrect Layer front
position -0.825000  0.000000  size  0.800000  0.950000  orientation 0.00
drill  0.000000
shape_offset  0.000000  0.000000
$EndPAD
$PAD "2"
Shape Roundrect Layer front
position  0.825000  0.000000  size  0.800000  0.950000  orientation 0.00
drill  0.000000
shape_offset  0.000000  0.000000
$EndPAD
$EndMODULE  R53

$MODULE R54
footprint Resistor_SMD:R_0603_1608Metric
attribut smd
position 165.240000 92.625000  orientation -90.00
layer front
$PAD "1"
Shape Roundrect Layer front
position -0.825000  0.000000  size  0.800000  0.950000  orientation 360.00
drill  0.000000
shape_offset  0.000000  0.000000
$EndPAD
$PAD "2"
Shape Roundrect Layer front
position  0.825000  0.000000  size  0.800000  0.950000  orientation 360.00
drill  0.000000
shape_offset  0.000000  0.000000
$EndPAD
$EndMODULE  R54

$MODULE R55
footprint Resistor_SMD:R_0603_1608Metric
attribut smd
position 167.530000 90.070000  orientation 0.00
layer front
$PAD "1"
Shape Roundrect Layer front
position -0.825000  0.000000  size  0.800000  0.950000  orientation 0.00
drill  0.000000
shape_offset  0.000000  0.000000
$EndPAD
$PAD "2"
Shape Roundrect Layer front
position  0.825000  0.000000  size  0.800000  0.950000  orientation 0.00
drill  0.000000
shape_offset  0.000000  0.000000
$EndPAD
$EndMODULE  R55

$MODULE R56
footprint Resistor_SMD:R_0603_1608Metric
attribut smd
position 167.540000 88.120000  orientation 0.00
layer front
$PAD "1"
Shape Roundrect Layer front
position -0.825000  0.000000  size  0.800000  0.950000  orientation 0.00
drill  0.000000
shape_offset  0.000000  0.000000
$EndPAD
$PAD "2"
Shape Roundrect Layer front
position  0.825000  0.000000  size  0.800000  0.950000  orientation 0.00
drill  0.000000
shape_offset  0.000000  0.000000
$EndPAD
$EndMODULE  R56

$MODULE R57
footprint Resistor_SMD:R_0603_1608Metric
attribut smd
position 162.440000 107.280000  orientation 90.00
layer front
$PAD "1"
Shape Roundrect Layer front
position -0.825000  0.000000  size  0.800000  0.950000  orientation 0.00
drill  0.000000
shape_offset  0.000000  0.000000
$EndPAD
$PAD "2"
Shape Roundrect Layer front
position  0.825000  0.000000  size  0.800000  0.950000  orientation 0.00
drill  0.000000
shape_offset  0.000000  0.000000
$EndPAD
$EndMODULE  R57

$MODULE R58
footprint Resistor_SMD:R_0603_1608Metric
attribut smd
position 161.710000 112.870000  orientation 180.00
layer front
$PAD "1"
Shape Roundrect Layer front
position -0.825000  0.000000  size  0.800000  0.950000  orientation 0.00
drill  0.000000
shape_offset  0.000000  0.000000
$EndPAD
$PAD "2"
Shape Roundrect Layer front
position  0.825000  0.000000  size  0.800000  0.950000  orientation 0.00
drill  0.000000
shape_offset  0.000000  0.000000
$EndPAD
$EndMODULE  R58

$MODULE R59
footprint Resistor_SMD:R_0603_1608Metric
attribut smd
position 180.260000 109.770000  orientation 0.00
layer front
$PAD "1"
Shape Roundrect Layer front
position -0.825000  0.000000  size  0.800000  0.950000  orientation 0.00
drill  0.000000
shape_offset  0.000000  0.000000
$EndPAD
$PAD "2"
Shape Roundrect Layer front
position  0.825000  0.000000  size  0.800000  0.950000  orientation 0.00
drill  0.000000
shape_offset  0.000000  0.000000
$EndPAD
$EndMODULE  R59

$MODULE R60
footprint Resistor_SMD:R_0603_1608Metric
attribut smd
position 180.260000 108.240000  orientation 0.00
layer front
$PAD "1"
Shape Roundrect Layer front
position -0.825000  0.000000  size  0.800000  0.950000  orientation 0.00
drill  0.000000
shape_offset  0.000000  0.000000
$EndPAD
$PAD "2"
Shape Roundrect Layer front
position  0.825000  0.000000  size  0.800000  0.950000  orientation 0.00
drill  0.000000
shape_offset  0.000000  0.000000
$EndPAD
$EndMODULE  R60

$MODULE R61
footprint Resistor_SMD:R_0603_1608Metric
attribut smd
position 159.980000 108.130000  orientation 180.00
layer front
$PAD "1"
Shape Roundrect Layer front
position -0.825000  0.000000  size  0.800000  0.950000  orientation 0.00
drill  0.000000
shape_offset  0.000000  0.000000
$EndPAD
$PAD "2"
Shape Roundrect Layer front
position  0.825000  0.000000  size  0.800000  0.950000  orientation 0.00
drill  0.000000
shape_offset  0.000000  0.000000
$EndPAD
$EndMODULE  R61

$MODULE R64
footprint Resistor_SMD:R_0603_1608Metric
attribut smd
position 121.797500 105.837500  orientation -90.00
layer front
$PAD "1"
Shape Roundrect Layer front
position -0.825000  0.000000  size  0.800000  0.950000  orientation 360.00
drill  0.000000
shape_offset  0.000000  0.000000
$EndPAD
$PAD "2"
Shape Roundrect Layer front
position  0.825000  0.000000  size  0.800000  0.950000  orientation 360.00
drill  0.000000
shape_offset  0.000000  0.000000
$EndPAD
$EndMODULE  R64

$MODULE R65
footprint Resistor_SMD:R_0603_1608Metric
attribut smd
position 116.880000 105.880000  orientation -90.00
layer front
$PAD "1"
Shape Roundrect Layer front
position -0.825000  0.000000  size  0.800000  0.950000  orientation 360.00
drill  0.000000
shape_offset  0.000000  0.000000
$EndPAD
$PAD "2"
Shape Roundrect Layer front
position  0.825000  0.000000  size  0.800000  0.950000  orientation 360.00
drill  0.000000
shape_offset  0.000000  0.000000
$EndPAD
$EndMODULE  R65

$MODULE R66
footprint Resistor_SMD:R_0603_1608Metric
attribut smd
position 115.535000 120.167594  orientation 180.00
layer front
$PAD "1"
Shape Roundrect Layer front
position -0.825000  0.000000  size  0.800000  0.950000  orientation 0.00
drill  0.000000
shape_offset  0.000000  0.000000
$EndPAD
$PAD "2"
Shape Roundrect Layer front
position  0.825000  0.000000  size  0.800000  0.950000  orientation 0.00
drill  0.000000
shape_offset  0.000000  0.000000
$EndPAD
$EndMODULE  R66

$MODULE R67
footprint Resistor_SMD:R_0603_1608Metric
attribut smd
position 115.535000 124.150000  orientation 180.00
layer front
$PAD "1"
Shape Roundrect Layer front
position -0.825000  0.000000  size  0.800000  0.950000  orientation 0.00
drill  0.000000
shape_offset  0.000000  0.000000
$EndPAD
$PAD "2"
Shape Roundrect Layer front
position  0.825000  0.000000  size  0.800000  0.950000  orientation 0.00
drill  0.000000
shape_offset  0.000000  0.000000
$EndPAD
$EndMODULE  R67

$MODULE R68
footprint Resistor_SMD:R_0603_1608Metric
attribut smd
position 194.465000 78.880000  orientation 0.00
layer front
$PAD "1"
Shape Roundrect Layer front
position -0.825000  0.000000  size  0.800000  0.950000  orientation 0.00
drill  0.000000
shape_offset  0.000000  0.000000
$EndPAD
$PAD "2"
Shape Roundrect Layer front
position  0.825000  0.000000  size  0.800000  0.950000  orientation 0.00
drill  0.000000
shape_offset  0.000000  0.000000
$EndPAD
$EndMODULE  R68

$MODULE R69
footprint Resistor_SMD:R_0603_1608Metric
attribut smd
position 193.500000 81.795000  orientation -90.00
layer front
$PAD "1"
Shape Roundrect Layer front
position -0.825000  0.000000  size  0.800000  0.950000  orientation 360.00
drill  0.000000
shape_offset  0.000000  0.000000
$EndPAD
$PAD "2"
Shape Roundrect Layer front
position  0.825000  0.000000  size  0.800000  0.950000  orientation 360.00
drill  0.000000
shape_offset  0.000000  0.000000
$EndPAD
$EndMODULE  R69

$MODULE R70
footprint Resistor_SMD:R_0603_1608Metric
attribut smd
position 122.677500 93.447500  orientation 90.00
layer front
$PAD "1"
Shape Roundrect Layer front
position -0.825000  0.000000  size  0.800000  0.950000  orientation 0.00
drill  0.000000
shape_offset  0.000000  0.000000
$EndPAD
$PAD "2"
Shape Roundrect Layer front
position  0.825000  0.000000  size  0.800000  0.950000  orientation 0.00
drill  0.000000
shape_offset  0.000000  0.000000
$EndPAD
$EndMODULE  R70

$MODULE R71
footprint Resistor_SMD:R_0603_1608Metric
attribut smd
position 117.598645 93.456872  orientation 90.00
layer front
$PAD "1"
Shape Roundrect Layer front
position -0.825000  0.000000  size  0.800000  0.950000  orientation 0.00
drill  0.000000
shape_offset  0.000000  0.000000
$EndPAD
$PAD "2"
Shape Roundrect Layer front
position  0.825000  0.000000  size  0.800000  0.950000  orientation 0.00
drill  0.000000
shape_offset  0.000000  0.000000
$EndPAD
$EndMODULE  R71

$MODULE R72
footprint Resistor_SMD:R_0603_1608Metric
attribut smd
position 127.705000 121.097594  orientation 0.00
layer front
$PAD "1"
Shape Roundrect Layer front
position -0.825000  0.000000  size  0.800000  0.950000  orientation 0.00
drill  0.000000
shape_offset  0.000000  0.000000
$EndPAD
$PAD "2"
Shape Roundrect Layer front
position  0.825000  0.000000  size  0.800000  0.950000  orientation 0.00
drill  0.000000
shape_offset  0.000000  0.000000
$EndPAD
$EndMODULE  R72

$MODULE R73
footprint Resistor_SMD:R_0603_1608Metric
attribut smd
position 127.885000 124.977594  orientation 0.00
layer front
$PAD "1"
Shape Roundrect Layer front
position -0.825000  0.000000  size  0.800000  0.950000  orientation 0.00
drill  0.000000
shape_offset  0.000000  0.000000
$EndPAD
$PAD "2"
Shape Roundrect Layer front
position  0.825000  0.000000  size  0.800000  0.950000  orientation 0.00
drill  0.000000
shape_offset  0.000000  0.000000
$EndPAD
$EndMODULE  R73

$MODULE R74
footprint Resistor_SMD:R_0603_1608Metric
attribut smd
position 186.000000 80.485000  orientation -90.00
layer front
$PAD "1"
Shape Roundrect Layer front
position -0.825000  0.000000  size  0.800000  0.950000  orientation 360.00
drill  0.000000
shape_offset  0.000000  0.000000
$EndPAD
$PAD "2"
Shape Roundrect Layer front
position  0.825000  0.000000  size  0.800000  0.950000  orientation 360.00
drill  0.000000
shape_offset  0.000000  0.000000
$EndPAD
$EndMODULE  R74

$MODULE R75
footprint Resistor_SMD:R_0603_1608Metric
attribut smd
position 181.240000 80.595000  orientation -90.00
layer front
$PAD "1"
Shape Roundrect Layer front
position -0.825000  0.000000  size  0.800000  0.950000  orientation 360.00
drill  0.000000
shape_offset  0.000000  0.000000
$EndPAD
$PAD "2"
Shape Roundrect Layer front
position  0.825000  0.000000  size  0.800000  0.950000  orientation 360.00
drill  0.000000
shape_offset  0.000000  0.000000
$EndPAD
$EndMODULE  R75

$MODULE R76
footprint Resistor_SMD:R_0603_1608Metric
attribut smd
position 121.837500 95.727500  orientation 0.00
layer front
$PAD "1"
Shape Roundrect Layer front
position -0.825000  0.000000  size  0.800000  0.950000  orientation 0.00
drill  0.000000
shape_offset  0.000000  0.000000
$EndPAD
$PAD "2"
Shape Roundrect Layer front
position  0.825000  0.000000  size  0.800000  0.950000  orientation 0.00
drill  0.000000
shape_offset  0.000000  0.000000
$EndPAD
$EndMODULE  R76

$MODULE R77
footprint Resistor_SMD:R_0603_1608Metric
attribut smd
position 116.873809 95.795799  orientation 0.00
layer front
$PAD "1"
Shape Roundrect Layer front
position -0.825000  0.000000  size  0.800000  0.950000  orientation 0.00
drill  0.000000
shape_offset  0.000000  0.000000
$EndPAD
$PAD "2"
Shape Roundrect Layer front
position  0.825000  0.000000  size  0.800000  0.950000  orientation 0.00
drill  0.000000
shape_offset  0.000000  0.000000
$EndPAD
$EndMODULE  R77

$MODULE R78
footprint Resistor_SMD:R_0603_1608Metric
attribut smd
position 125.410000 120.252594  orientation -90.00
layer front
$PAD "1"
Shape Roundrect Layer front
position -0.825000  0.000000  size  0.800000  0.950000  orientation 360.00
drill  0.000000
shape_offset  0.000000  0.000000
$EndPAD
$PAD "2"
Shape Roundrect Layer front
position  0.825000  0.000000  size  0.800000  0.950000  orientation 360.00
drill  0.000000
shape_offset  0.000000  0.000000
$EndPAD
$EndMODULE  R78

$MODULE R79
footprint Resistor_SMD:R_0603_1608Metric
attribut smd
position 125.470000 124.202594  orientation -90.00
layer front
$PAD "1"
Shape Roundrect Layer front
position -0.825000  0.000000  size  0.800000  0.950000  orientation 360.00
drill  0.000000
shape_offset  0.000000  0.000000
$EndPAD
$PAD "2"
Shape Roundrect Layer front
position  0.825000  0.000000  size  0.800000  0.950000  orientation 360.00
drill  0.000000
shape_offset  0.000000  0.000000
$EndPAD
$EndMODULE  R79

$MODULE R80
footprint Resistor_SMD:R_0603_1608Metric
attribut smd
position 188.217249 80.503500  orientation 90.00
layer front
$PAD "1"
Shape Roundrect Layer front
position -0.825000  0.000000  size  0.800000  0.950000  orientation 0.00
drill  0.000000
shape_offset  0.000000  0.000000
$EndPAD
$PAD "2"
Shape Roundrect Layer front
position  0.825000  0.000000  size  0.800000  0.950000  orientation 0.00
drill  0.000000
shape_offset  0.000000  0.000000
$EndPAD
$EndMODULE  R80

$MODULE R81
footprint Resistor_SMD:R_0603_1608Metric
attribut smd
position 182.770000 80.595000  orientation 90.00
layer front
$PAD "1"
Shape Roundrect Layer front
position -0.825000  0.000000  size  0.800000  0.950000  orientation 0.00
drill  0.000000
shape_offset  0.000000  0.000000
$EndPAD
$PAD "2"
Shape Roundrect Layer front
position  0.825000  0.000000  size  0.800000  0.950000  orientation 0.00
drill  0.000000
shape_offset  0.000000  0.000000
$EndPAD
$EndMODULE  R81

$MODULE R82
footprint Resistor_SMD:R_0603_1608Metric
attribut smd
position 136.625000 131.480000  orientation 180.00
layer front
$PAD "1"
Shape Roundrect Layer front
position -0.825000  0.000000  size  0.800000  0.950000  orientation 0.00
drill  0.000000
shape_offset  0.000000  0.000000
$EndPAD
$PAD "2"
Shape Roundrect Layer front
position  0.825000  0.000000  size  0.800000  0.950000  orientation 0.00
drill  0.000000
shape_offset  0.000000  0.000000
$EndPAD
$EndMODULE  R82

$MODULE R83
footprint Resistor_SMD:R_0603_1608Metric
attribut smd
position 134.420000 125.695000  orientation 90.00
layer front
$PAD "1"
Shape Roundrect Layer front
position -0.825000  0.000000  size  0.800000  0.950000  orientation 0.00
drill  0.000000
shape_offset  0.000000  0.000000
$EndPAD
$PAD "2"
Shape Roundrect Layer front
position  0.825000  0.000000  size  0.800000  0.950000  orientation 0.00
drill  0.000000
shape_offset  0.000000  0.000000
$EndPAD
$EndMODULE  R83

$MODULE R84
footprint Resistor_SMD:R_0603_1608Metric
attribut smd
position 135.195000 127.960000  orientation 180.00
layer front
$PAD "1"
Shape Roundrect Layer front
position -0.825000  0.000000  size  0.800000  0.950000  orientation 0.00
drill  0.000000
shape_offset  0.000000  0.000000
$EndPAD
$PAD "2"
Shape Roundrect Layer front
position  0.825000  0.000000  size  0.800000  0.950000  orientation 0.00
drill  0.000000
shape_offset  0.000000  0.000000
$EndPAD
$EndMODULE  R84

$MODULE R86
footprint Resistor_SMD:R_0603_1608Metric
attribut smd
position 163.640000 129.695000  orientation -90.00
layer front
$PAD "1"
Shape Roundrect Layer front
position -0.825000  0.000000  size  0.800000  0.950000  orientation 360.00
drill  0.000000
shape_offset  0.000000  0.000000
$EndPAD
$PAD "2"
Shape Roundrect Layer front
position  0.825000  0.000000  size  0.800000  0.950000  orientation 360.00
drill  0.000000
shape_offset  0.000000  0.000000
$EndPAD
$EndMODULE  R86

$MODULE R87
footprint Resistor_SMD:R_0603_1608Metric
attribut smd
position 179.080000 129.625000  orientation -90.00
layer front
$PAD "1"
Shape Roundrect Layer front
position -0.825000  0.000000  size  0.800000  0.950000  orientation 360.00
drill  0.000000
shape_offset  0.000000  0.000000
$EndPAD
$PAD "2"
Shape Roundrect Layer front
position  0.825000  0.000000  size  0.800000  0.950000  orientation 360.00
drill  0.000000
shape_offset  0.000000  0.000000
$EndPAD
$EndMODULE  R87

$MODULE R88
footprint Resistor_SMD:R_0603_1608Metric
attribut smd
position 191.615000 123.550000  orientation 180.00
layer front
$PAD "1"
Shape Roundrect Layer front
position -0.825000  0.000000  size  0.800000  0.950000  orientation 0.00
drill  0.000000
shape_offset  0.000000  0.000000
$EndPAD
$PAD "2"
Shape Roundrect Layer front
position  0.825000  0.000000  size  0.800000  0.950000  orientation 0.00
drill  0.000000
shape_offset  0.000000  0.000000
$EndPAD
$EndMODULE  R88

$MODULE R89
footprint Resistor_SMD:R_0603_1608Metric
attribut smd
position 125.795000 127.060000  orientation 0.00
layer front
$PAD "1"
Shape Roundrect Layer front
position -0.825000  0.000000  size  0.800000  0.950000  orientation 0.00
drill  0.000000
shape_offset  0.000000  0.000000
$EndPAD
$PAD "2"
Shape Roundrect Layer front
position  0.825000  0.000000  size  0.800000  0.950000  orientation 0.00
drill  0.000000
shape_offset  0.000000  0.000000
$EndPAD
$EndMODULE  R89

$MODULE R90
footprint Resistor_SMD:R_0603_1608Metric
attribut smd
position 130.250000 125.015000  orientation 90.00
layer front
$PAD "1"
Shape Roundrect Layer front
position -0.825000  0.000000  size  0.800000  0.950000  orientation 0.00
drill  0.000000
shape_offset  0.000000  0.000000
$EndPAD
$PAD "2"
Shape Roundrect Layer front
position  0.825000  0.000000  size  0.800000  0.950000  orientation 0.00
drill  0.000000
shape_offset  0.000000  0.000000
$EndPAD
$EndMODULE  R90

$MODULE R91
footprint Resistor_SMD:R_0603_1608Metric
attribut smd
position 131.800000 128.075000  orientation 90.00
layer front
$PAD "1"
Shape Roundrect Layer front
position -0.825000  0.000000  size  0.800000  0.950000  orientation 0.00
drill  0.000000
shape_offset  0.000000  0.000000
$EndPAD
$PAD "2"
Shape Roundrect Layer front
position  0.825000  0.000000  size  0.800000  0.950000  orientation 0.00
drill  0.000000
shape_offset  0.000000  0.000000
$EndPAD
$EndMODULE  R91

$MODULE R92
footprint Resistor_SMD:R_0603_1608Metric
attribut smd
position 113.460000 141.425000  orientation 90.00
layer front
$PAD "1"
Shape Roundrect Layer front
position -0.825000  0.000000  size  0.800000  0.950000  orientation 0.00
drill  0.000000
shape_offset  0.000000  0.000000
$EndPAD
$PAD "2"
Shape Roundrect Layer front
position  0.825000  0.000000  size  0.800000  0.950000  orientation 0.00
drill  0.000000
shape_offset  0.000000  0.000000
$EndPAD
$EndMODULE  R92

$MODULE R93
footprint Resistor_SMD:R_0603_1608Metric
attribut smd
position 130.190000 131.155000  orientation 90.00
layer front
$PAD "1"
Shape Roundrect Layer front
position -0.825000  0.000000  size  0.800000  0.950000  orientation 0.00
drill  0.000000
shape_offset  0.000000  0.000000
$EndPAD
$PAD "2"
Shape Roundrect Layer front
position  0.825000  0.000000  size  0.800000  0.950000  orientation 0.00
drill  0.000000
shape_offset  0.000000  0.000000
$EndPAD
$EndMODULE  R93

$MODULE R94
footprint Resistor_SMD:R_0603_1608Metric
attribut smd
position 110.615000 140.460000  orientation 0.00
layer front
$PAD "1"
Shape Roundrect Layer front
position -0.825000  0.000000  size  0.800000  0.950000  orientation 0.00
drill  0.000000
shape_offset  0.000000  0.000000
$EndPAD
$PAD "2"
Shape Roundrect Layer front
position  0.825000  0.000000  size  0.800000  0.950000  orientation 0.00
drill  0.000000
shape_offset  0.000000  0.000000
$EndPAD
$EndMODULE  R94

$MODULE REF**
footprint Symbol:Polarity_Center_Negative_6mm_SilkScreen
attribut virtual
position 117.746436 143.810000  orientation 0.00
layer back
$EndMODULE  REF**

$MODULE S1
footprint digikey-footprints:Switch_Tactile_THT_6x6mm
attribut none
position 146.120000 79.740000  orientation -90.00
layer front
$PAD "1"
Shape Rect Layer both
position  0.000000  0.000000  size  2.200000  2.200000  orientation 360.00
drill  1.200000
shape_offset  0.000000  0.000000
$EndPAD
$PAD "2"
Shape Circle Layer both
position  6.500000  0.000000  size  2.200000  2.200000  orientation 360.00
drill  1.200000
shape_offset  0.000000  0.000000
$EndPAD
$PAD "3"
Shape Circle Layer both
position  0.000000  4.500000  size  2.200000  2.200000  orientation 360.00
drill  1.200000
shape_offset  0.000000  0.000000
$EndPAD
$PAD "4"
Shape Circle Layer both
position  6.500000  4.500000  size  2.200000  2.200000  orientation 360.00
drill  1.200000
shape_offset  0.000000  0.000000
$EndPAD
$EndMODULE  S1

$MODULE SW3
footprint Button_Switch_THT:SW_PUSH_6mm_H13mm
attribut none
position 156.750000 133.850000  orientation 90.00
layer front
$PAD "1"
Shape Circle Layer both
position  0.000000  0.000000  size  2.000000  2.000000  orientation 90.00
drill  1.100000
shape_offset  0.000000  0.000000
$EndPAD
$PAD "1"
Shape Circle Layer both
position  6.500000  0.000000  size  2.000000  2.000000  orientation 90.00
drill  1.100000
shape_offset  0.000000  0.000000
$EndPAD
$PAD "2"
Shape Circle Layer both
position  0.000000  4.500000  size  2.000000  2.000000  orientation 90.00
drill  1.100000
shape_offset  0.000000  0.000000
$EndPAD
$PAD "2"
Shape Circle Layer both
position  6.500000  4.500000  size  2.000000  2.000000  orientation 90.00
drill  1.100000
shape_offset  0.000000  0.000000
$EndPAD
$EndMODULE  SW3

$MODULE SW4
footprint Button_Switch_THT:SW_PUSH_6mm_H13mm
attribut none
position 172.200000 133.850000  orientation 90.00
layer front
$PAD "1"
Shape Circle Layer both
position  0.000000  0.000000  size  2.000000  2.000000  orientation 90.00
drill  1.100000
shape_offset  0.000000  0.000000
$EndPAD
$PAD "1"
Shape Circle Layer both
position  6.500000  0.000000  size  2.000000  2.000000  orientation 90.00
drill  1.100000
shape_offset  0.000000  0.000000
$EndPAD
$PAD "2"
Shape Circle Layer both
position  0.000000  4.500000  size  2.000000  2.000000  orientation 90.00
drill  1.100000
shape_offset  0.000000  0.000000
$EndPAD
$PAD "2"
Shape Circle Layer both
position  6.500000  4.500000  size  2.000000  2.000000  orientation 90.00
drill  1.100000
shape_offset  0.000000  0.000000
$EndPAD
$EndMODULE  SW4

$MODULE SW5
footprint Button_Switch_THT:SW_PUSH_6mm_H13mm
attribut none
position 187.750000 133.850000  orientation 90.00
layer front
$PAD "1"
Shape Circle Layer both
position  0.000000  0.000000  size  2.000000  2.000000  orientation 90.00
drill  1.100000
shape_offset  0.000000  0.000000
$EndPAD
$PAD "1"
Shape Circle Layer both
position  6.500000  0.000000  size  2.000000  2.000000  orientation 90.00
drill  1.100000
shape_offset  0.000000  0.000000
$EndPAD
$PAD "2"
Shape Circle Layer both
position  0.000000  4.500000  size  2.000000  2.000000  orientation 90.00
drill  1.100000
shape_offset  0.000000  0.000000
$EndPAD
$PAD "2"
Shape Circle Layer both
position  6.500000  4.500000  size  2.000000  2.000000  orientation 90.00
drill  1.100000
shape_offset  0.000000  0.000000
$EndPAD
$EndMODULE  SW5

$MODULE TH1
footprint Resistor_SMD:R_0603_1608Metric
attribut smd
position 127.480000 138.235000  orientation -90.00
layer front
$PAD "1"
Shape Roundrect Layer front
position -0.825000  0.000000  size  0.800000  0.950000  orientation 360.00
drill  0.000000
shape_offset  0.000000  0.000000
$EndPAD
$PAD "2"
Shape Roundrect Layer front
position  0.825000  0.000000  size  0.800000  0.950000  orientation 360.00
drill  0.000000
shape_offset  0.000000  0.000000
$EndPAD
$EndMODULE  TH1

$MODULE TP1
footprint TestPoint:TestPoint_Pad_D1.0mm
attribut virtual
position 110.570000 134.065000  orientation 0.00
layer front
$PAD "1"
Shape Circle Layer front
position  0.000000  0.000000  size  1.000000  1.000000  orientation 0.00
drill  0.000000
shape_offset  0.000000  0.000000
$EndPAD
$EndMODULE  TP1

$MODULE TP2
footprint TestPoint:TestPoint_Pad_D1.0mm
attribut virtual
position 114.975000 132.330000  orientation 0.00
layer front
$PAD "1"
Shape Circle Layer front
position  0.000000  0.000000  size  1.000000  1.000000  orientation 0.00
drill  0.000000
shape_offset  0.000000  0.000000
$EndPAD
$EndMODULE  TP2

$MODULE TP3
footprint TestPoint:TestPoint_Pad_D1.0mm
attribut virtual
position 124.330000 137.660000  orientation 0.00
layer front
$PAD "1"
Shape Circle Layer front
position  0.000000  0.000000  size  1.000000  1.000000  orientation 0.00
drill  0.000000
shape_offset  0.000000  0.000000
$EndPAD
$EndMODULE  TP3

$MODULE TP4
footprint TestPoint:TestPoint_Pad_D1.0mm
attribut virtual
position 122.720000 131.615000  orientation 0.00
layer front
$PAD "1"
Shape Circle Layer front
position  0.000000  0.000000  size  1.000000  1.000000  orientation 0.00
drill  0.000000
shape_offset  0.000000  0.000000
$EndPAD
$EndMODULE  TP4

$MODULE TP5
footprint TestPoint:TestPoint_Pad_D1.0mm
attribut virtual
position 143.410000 133.320000  orientation 0.00
layer front
$PAD "1"
Shape Circle Layer front
position  0.000000  0.000000  size  1.000000  1.000000  orientation 0.00
drill  0.000000
shape_offset  0.000000  0.000000
$EndPAD
$EndMODULE  TP5

$MODULE TP6
footprint TestPoint:TestPoint_Pad_D1.0mm
attribut virtual
position 145.770000 130.180000  orientation 0.00
layer front
$PAD "1"
Shape Circle Layer front
position  0.000000  0.000000  size  1.000000  1.000000  orientation 0.00
drill  0.000000
shape_offset  0.000000  0.000000
$EndPAD
$EndMODULE  TP6

$MODULE TP7
footprint TestPoint:TestPoint_Pad_D1.0mm
attribut virtual
position 153.800000 130.000000  orientation 0.00
layer front
$PAD "1"
Shape Circle Layer front
position  0.000000  0.000000  size  1.000000  1.000000  orientation 0.00
drill  0.000000
shape_offset  0.000000  0.000000
$EndPAD
$EndMODULE  TP7

$MODULE TP9
footprint TestPoint:TestPoint_Pad_D1.0mm
attribut virtual
position 175.130000 77.140000  orientation 90.00
layer front
$PAD "1"
Shape Circle Layer front
position  0.000000  0.000000  size  1.000000  1.000000  orientation 0.00
drill  0.000000
shape_offset  0.000000  0.000000
$EndPAD
$EndMODULE  TP9

$MODULE TP10
footprint TestPoint:TestPoint_Pad_D1.0mm
attribut virtual
position 107.200000 92.800000  orientation 0.00
layer front
$PAD "1"
Shape Circle Layer front
position  0.000000  0.000000  size  1.000000  1.000000  orientation 0.00
drill  0.000000
shape_offset  0.000000  0.000000
$EndPAD
$EndMODULE  TP10

$MODULE TP11
footprint TestPoint:TestPoint_Pad_D1.0mm
attribut virtual
position 134.500000 129.710000  orientation 180.00
layer front
$PAD "1"
Shape Circle Layer front
position  0.000000  0.000000  size  1.000000  1.000000  orientation 0.00
drill  0.000000
shape_offset  0.000000  0.000000
$EndPAD
$EndMODULE  TP11

$MODULE TP12
footprint TestPoint:TestPoint_Pad_D1.0mm
attribut virtual
position 132.100000 124.660000  orientation 0.00
layer front
$PAD "1"
Shape Circle Layer front
position  0.000000  0.000000  size  1.000000  1.000000  orientation 0.00
drill  0.000000
shape_offset  0.000000  0.000000
$EndPAD
$EndMODULE  TP12

$MODULE TP13
footprint TestPoint:TestPoint_Pad_D1.0mm
attribut virtual
position 128.428624 127.056818  orientation 0.00
layer front
$PAD "1"
Shape Circle Layer front
position  0.000000  0.000000  size  1.000000  1.000000  orientation 0.00
drill  0.000000
shape_offset  0.000000  0.000000
$EndPAD
$EndMODULE  TP13

$MODULE TP14
footprint TestPoint:TestPoint_Pad_D1.0mm
attribut virtual
position 127.410000 122.930000  orientation 0.00
layer front
$PAD "1"
Shape Circle Layer front
position  0.000000  0.000000  size  1.000000  1.000000  orientation 0.00
drill  0.000000
shape_offset  0.000000  0.000000
$EndPAD
$EndMODULE  TP14

$MODULE TP15
footprint TestPoint:TestPoint_Pad_D1.0mm
attribut virtual
position 113.170000 138.880000  orientation 0.00
layer front
$PAD "1"
Shape Circle Layer front
position  0.000000  0.000000  size  1.000000  1.000000  orientation 0.00
drill  0.000000
shape_offset  0.000000  0.000000
$EndPAD
$EndMODULE  TP15

$MODULE TP16
footprint TestPoint:TestPoint_Pad_D1.0mm
attribut virtual
position 135.770000 126.470000  orientation 180.00
layer back
$PAD "1"
Shape Circle Layer back
position  0.000000  0.000000  size  1.000000  1.000000  orientation 0.00
drill  0.000000
shape_offset  0.000000  0.000000
$EndPAD
$EndMODULE  TP16

$MODULE U1
footprint Package_DFN_QFN:QFN-20-1EP_4x4mm_P0.5mm_EP2.5x2.5mm_ThermalVias
attribut smd
position 126.115000 133.820000  orientation 90.00
layer front
$PAD ""
Shape Roundrect Layer nocopper
position -0.625000 -0.625000  size  1.080000  1.080000  orientation 0.00
drill  0.000000
shape_offset  0.000000  0.000000
$EndPAD
$PAD ""
Shape Roundrect Layer nocopper
position -0.625000  0.625000  size  1.080000  1.080000  orientation 0.00
drill  0.000000
shape_offset  0.000000  0.000000
$EndPAD
$PAD ""
Shape Roundrect Layer nocopper
position  0.625000 -0.625000  size  1.080000  1.080000  orientation 0.00
drill  0.000000
shape_offset  0.000000  0.000000
$EndPAD
$PAD ""
Shape Roundrect Layer nocopper
position  0.625000  0.625000  size  1.080000  1.080000  orientation 0.00
drill  0.000000
shape_offset  0.000000  0.000000
$EndPAD
$PAD "1"
Shape Roundrect Layer front
position -1.937500 -1.000000  size  0.825000  0.250000  orientation 0.00
drill  0.000000
shape_offset  0.000000  0.000000
$EndPAD
$PAD "2"
Shape Roundrect Layer front
position -1.937500 -0.500000  size  0.825000  0.250000  orientation 0.00
drill  0.000000
shape_offset  0.000000  0.000000
$EndPAD
$PAD "3"
Shape Roundrect Layer front
position -1.937500  0.000000  size  0.825000  0.250000  orientation 0.00
drill  0.000000
shape_offset  0.000000  0.000000
$EndPAD
$PAD "4"
Shape Roundrect Layer front
position -1.937500  0.500000  size  0.825000  0.250000  orientation 0.00
drill  0.000000
shape_offset  0.000000  0.000000
$EndPAD
$PAD "5"
Shape Roundrect Layer front
position -1.937500  1.000000  size  0.825000  0.250000  orientation 0.00
drill  0.000000
shape_offset  0.000000  0.000000
$EndPAD
$PAD "6"
Shape Roundrect Layer front
position -1.000000  1.937500  size  0.250000  0.825000  orientation 0.00
drill  0.000000
shape_offset  0.000000  0.000000
$EndPAD
$PAD "7"
Shape Roundrect Layer front
position -0.500000  1.937500  size  0.250000  0.825000  orientation 0.00
drill  0.000000
shape_offset  0.000000  0.000000
$EndPAD
$PAD "8"
Shape Roundrect Layer front
position  0.000000  1.937500  size  0.250000  0.825000  orientation 0.00
drill  0.000000
shape_offset  0.000000  0.000000
$EndPAD
$PAD "9"
Shape Roundrect Layer front
position  0.500000  1.937500  size  0.250000  0.825000  orientation 0.00
drill  0.000000
shape_offset  0.000000  0.000000
$EndPAD
$PAD "10"
Shape Roundrect Layer front
position  1.000000  1.937500  size  0.250000  0.825000  orientation 0.00
drill  0.000000
shape_offset  0.000000  0.000000
$EndPAD
$PAD "11"
Shape Roundrect Layer front
position  1.937500  1.000000  size  0.825000  0.250000  orientation 0.00
drill  0.000000
shape_offset  0.000000  0.000000
$EndPAD
$PAD "12"
Shape Roundrect Layer front
position  1.937500  0.500000  size  0.825000  0.250000  orientation 0.00
drill  0.000000
shape_offset  0.000000  0.000000
$EndPAD
$PAD "13"
Shape Roundrect Layer front
position  1.937500  0.000000  size  0.825000  0.250000  orientation 0.00
drill  0.000000
shape_offset  0.000000  0.000000
$EndPAD
$PAD "14"
Shape Roundrect Layer front
position  1.937500 -0.500000  size  0.825000  0.250000  orientation 0.00
drill  0.000000
shape_offset  0.000000  0.000000
$EndPAD
$PAD "15"
Shape Roundrect Layer front
position  1.937500 -1.000000  size  0.825000  0.250000  orientation 0.00
drill  0.000000
shape_offset  0.000000  0.000000
$EndPAD
$PAD "16"
Shape Roundrect Layer front
position  1.000000 -1.937500  size  0.250000  0.825000  orientation 0.00
drill  0.000000
shape_offset  0.000000  0.000000
$EndPAD
$PAD "17"
Shape Roundrect Layer front
position  0.500000 -1.937500  size  0.250000  0.825000  orientation 0.00
drill  0.000000
shape_offset  0.000000  0.000000
$EndPAD
$PAD "18"
Shape Roundrect Layer front
position  0.000000 -1.937500  size  0.250000  0.825000  orientation 0.00
drill  0.000000
shape_offset  0.000000  0.000000
$EndPAD
$PAD "19"
Shape Roundrect Layer front
position -0.500000 -1.937500  size  0.250000  0.825000  orientation 0.00
drill  0.000000
shape_offset  0.000000  0.000000
$EndPAD
$PAD "20"
Shape Roundrect Layer front
position -1.000000 -1.937500  size  0.250000  0.825000  orientation 0.00
drill  0.000000
shape_offset  0.000000  0.000000
$EndPAD
$PAD "21"
Shape Circle Layer both
position -1.000000 -1.000000  size  0.500000  0.500000  orientation 0.00
drill  0.200000
shape_offset  0.000000  0.000000
$EndPAD
$PAD "21"
Shape Circle Layer both
position -1.000000  1.000000  size  0.500000  0.500000  orientation 0.00
drill  0.200000
shape_offset  0.000000  0.000000
$EndPAD
$PAD "21"
Shape Rect Layer front
position  0.000000  0.000000  size  2.500000  2.500000  orientation 0.00
drill  0.000000
shape_offset  0.000000  0.000000
$EndPAD
$PAD "21"
Shape Rect Layer back
position  0.000000  0.000000  size  2.500000  2.500000  orientation 0.00
drill  0.000000
shape_offset  0.000000  0.000000
$EndPAD
$PAD "21"
Shape Circle Layer both
position  1.000000 -1.000000  size  0.500000  0.500000  orientation 0.00
drill  0.200000
shape_offset  0.000000  0.000000
$EndPAD
$PAD "21"
Shape Circle Layer both
position  1.000000  1.000000  size  0.500000  0.500000  orientation 0.00
drill  0.200000
shape_offset  0.000000  0.000000
$EndPAD
$EndMODULE  U1

$MODULE U2
footprint Package_TO_SOT_SMD:SOT-323_SC-70
attribut smd
position 107.980000 130.065000  orientation 0.00
layer front
$PAD "1"
Shape Roundrect Layer front
position -1.000000 -0.650000  size  0.450000  0.700000  orientation 270.00
drill  0.000000
shape_offset  0.000000  0.000000
$EndPAD
$PAD "2"
Shape Roundrect Layer front
position -1.000000  0.650000  size  0.450000  0.700000  orientation 270.00
drill  0.000000
shape_offset  0.000000  0.000000
$EndPAD
$PAD "3"
Shape Roundrect Layer front
position  1.000000  0.000000  size  0.450000  0.700000  orientation 270.00
drill  0.000000
shape_offset  0.000000  0.000000
$EndPAD
$EndMODULE  U2

$MODULE U3
footprint TPS61023DRLT (1):SOT50P160X60-6N
attribut smd
position 139.745000 135.585000  orientation 0.00
layer front
$PAD "1"
Shape Rect Layer front
position -0.735000 -0.500000  size  0.660000  0.310000  orientation 0.00
drill  0.000000
shape_offset  0.000000  0.000000
$EndPAD
$PAD "2"
Shape Rect Layer front
position -0.735000  0.000000  size  0.660000  0.310000  orientation 0.00
drill  0.000000
shape_offset  0.000000  0.000000
$EndPAD
$PAD "3"
Shape Rect Layer front
position -0.735000  0.500000  size  0.660000  0.310000  orientation 0.00
drill  0.000000
shape_offset  0.000000  0.000000
$EndPAD
$PAD "4"
Shape Rect Layer front
position  0.735000  0.500000  size  0.660000  0.310000  orientation 0.00
drill  0.000000
shape_offset  0.000000  0.000000
$EndPAD
$PAD "5"
Shape Rect Layer front
position  0.735000  0.000000  size  0.660000  0.310000  orientation 0.00
drill  0.000000
shape_offset  0.000000  0.000000
$EndPAD
$PAD "6"
Shape Rect Layer front
position  0.735000 -0.500000  size  0.660000  0.310000  orientation 0.00
drill  0.000000
shape_offset  0.000000  0.000000
$EndPAD
$EndMODULE  U3

$MODULE U4
footprint Package_TO_SOT_SMD:TO-252-3_TabPin2
attribut smd
position 142.795000 139.715000  orientation -90.00
layer back
$PAD ""
Shape Roundrect Layer nocopper
position -0.415000 -1.525000  size  3.050000  2.750000  orientation 360.00
drill  0.000000
shape_offset  0.000000  0.000000
$EndPAD
$PAD ""
Shape Roundrect Layer nocopper
position -0.415000  1.525000  size  3.050000  2.750000  orientation 360.00
drill  0.000000
shape_offset  0.000000  0.000000
$EndPAD
$PAD ""
Shape Roundrect Layer nocopper
position  2.935000 -1.525000  size  3.050000  2.750000  orientation 360.00
drill  0.000000
shape_offset  0.000000  0.000000
$EndPAD
$PAD ""
Shape Roundrect Layer nocopper
position  2.935000  1.525000  size  3.050000  2.750000  orientation 360.00
drill  0.000000
shape_offset  0.000000  0.000000
$EndPAD
$PAD "1"
Shape Roundrect Layer back
position -5.040000  2.280000  size  2.200000  1.200000  orientation 360.00
drill  0.000000
shape_offset  0.000000  0.000000
$EndPAD
$PAD "2"
Shape Roundrect Layer back
position -5.040000  0.000000  size  2.200000  1.200000  orientation 360.00
drill  0.000000
shape_offset  0.000000  0.000000
$EndPAD
$PAD "2"
Shape Roundrect Layer back
position  1.260000  0.000000  size  6.400000  5.800000  orientation 360.00
drill  0.000000
shape_offset  0.000000  0.000000
$EndPAD
$PAD "3"
Shape Roundrect Layer back
position -5.040000 -2.280000  size  2.200000  1.200000  orientation 360.00
drill  0.000000
shape_offset  0.000000  0.000000
$EndPAD
$EndMODULE  U4

$MODULE U5
footprint Package_QFP:LQFP-144_20x20mm_P0.5mm
attribut smd
position 143.950000 109.180000  orientation 90.00
layer front
$PAD "1"
Shape Roundrect Layer front
position -10.662500 -8.750000  size  1.475000  0.300000  orientation 0.00
drill  0.000000
shape_offset  0.000000  0.000000
$EndPAD
$PAD "2"
Shape Roundrect Layer front
position -10.662500 -8.250000  size  1.475000  0.300000  orientation 0.00
drill  0.000000
shape_offset  0.000000  0.000000
$EndPAD
$PAD "3"
Shape Roundrect Layer front
position -10.662500 -7.750000  size  1.475000  0.300000  orientation 0.00
drill  0.000000
shape_offset  0.000000  0.000000
$EndPAD
$PAD "4"
Shape Roundrect Layer front
position -10.662500 -7.250000  size  1.475000  0.300000  orientation 0.00
drill  0.000000
shape_offset  0.000000  0.000000
$EndPAD
$PAD "5"
Shape Roundrect Layer front
position -10.662500 -6.750000  size  1.475000  0.300000  orientation 0.00
drill  0.000000
shape_offset  0.000000  0.000000
$EndPAD
$PAD "6"
Shape Roundrect Layer front
position -10.662500 -6.250000  size  1.475000  0.300000  orientation 0.00
drill  0.000000
shape_offset  0.000000  0.000000
$EndPAD
$PAD "7"
Shape Roundrect Layer front
position -10.662500 -5.750000  size  1.475000  0.300000  orientation 0.00
drill  0.000000
shape_offset  0.000000  0.000000
$EndPAD
$PAD "8"
Shape Roundrect Layer front
position -10.662500 -5.250000  size  1.475000  0.300000  orientation 0.00
drill  0.000000
shape_offset  0.000000  0.000000
$EndPAD
$PAD "9"
Shape Roundrect Layer front
position -10.662500 -4.750000  size  1.475000  0.300000  orientation 0.00
drill  0.000000
shape_offset  0.000000  0.000000
$EndPAD
$PAD "10"
Shape Roundrect Layer front
position -10.662500 -4.250000  size  1.475000  0.300000  orientation 0.00
drill  0.000000
shape_offset  0.000000  0.000000
$EndPAD
$PAD "11"
Shape Roundrect Layer front
position -10.662500 -3.750000  size  1.475000  0.300000  orientation 0.00
drill  0.000000
shape_offset  0.000000  0.000000
$EndPAD
$PAD "12"
Shape Roundrect Layer front
position -10.662500 -3.250000  size  1.475000  0.300000  orientation 0.00
drill  0.000000
shape_offset  0.000000  0.000000
$EndPAD
$PAD "13"
Shape Roundrect Layer front
position -10.662500 -2.750000  size  1.475000  0.300000  orientation 0.00
drill  0.000000
shape_offset  0.000000  0.000000
$EndPAD
$PAD "14"
Shape Roundrect Layer front
position -10.662500 -2.250000  size  1.475000  0.300000  orientation 0.00
drill  0.000000
shape_offset  0.000000  0.000000
$EndPAD
$PAD "15"
Shape Roundrect Layer front
position -10.662500 -1.750000  size  1.475000  0.300000  orientation 0.00
drill  0.000000
shape_offset  0.000000  0.000000
$EndPAD
$PAD "16"
Shape Roundrect Layer front
position -10.662500 -1.250000  size  1.475000  0.300000  orientation 0.00
drill  0.000000
shape_offset  0.000000  0.000000
$EndPAD
$PAD "17"
Shape Roundrect Layer front
position -10.662500 -0.750000  size  1.475000  0.300000  orientation 0.00
drill  0.000000
shape_offset  0.000000  0.000000
$EndPAD
$PAD "18"
Shape Roundrect Layer front
position -10.662500 -0.250000  size  1.475000  0.300000  orientation 0.00
drill  0.000000
shape_offset  0.000000  0.000000
$EndPAD
$PAD "19"
Shape Roundrect Layer front
position -10.662500  0.250000  size  1.475000  0.300000  orientation 0.00
drill  0.000000
shape_offset  0.000000  0.000000
$EndPAD
$PAD "20"
Shape Roundrect Layer front
position -10.662500  0.750000  size  1.475000  0.300000  orientation 0.00
drill  0.000000
shape_offset  0.000000  0.000000
$EndPAD
$PAD "21"
Shape Roundrect Layer front
position -10.662500  1.250000  size  1.475000  0.300000  orientation 0.00
drill  0.000000
shape_offset  0.000000  0.000000
$EndPAD
$PAD "22"
Shape Roundrect Layer front
position -10.662500  1.750000  size  1.475000  0.300000  orientation 0.00
drill  0.000000
shape_offset  0.000000  0.000000
$EndPAD
$PAD "23"
Shape Roundrect Layer front
position -10.662500  2.250000  size  1.475000  0.300000  orientation 0.00
drill  0.000000
shape_offset  0.000000  0.000000
$EndPAD
$PAD "24"
Shape Roundrect Layer front
position -10.662500  2.750000  size  1.475000  0.300000  orientation 0.00
drill  0.000000
shape_offset  0.000000  0.000000
$EndPAD
$PAD "25"
Shape Roundrect Layer front
position -10.662500  3.250000  size  1.475000  0.300000  orientation 0.00
drill  0.000000
shape_offset  0.000000  0.000000
$EndPAD
$PAD "26"
Shape Roundrect Layer front
position -10.662500  3.750000  size  1.475000  0.300000  orientation 0.00
drill  0.000000
shape_offset  0.000000  0.000000
$EndPAD
$PAD "27"
Shape Roundrect Layer front
position -10.662500  4.250000  size  1.475000  0.300000  orientation 0.00
drill  0.000000
shape_offset  0.000000  0.000000
$EndPAD
$PAD "28"
Shape Roundrect Layer front
position -10.662500  4.750000  size  1.475000  0.300000  orientation 0.00
drill  0.000000
shape_offset  0.000000  0.000000
$EndPAD
$PAD "29"
Shape Roundrect Layer front
position -10.662500  5.250000  size  1.475000  0.300000  orientation 0.00
drill  0.000000
shape_offset  0.000000  0.000000
$EndPAD
$PAD "30"
Shape Roundrect Layer front
position -10.662500  5.750000  size  1.475000  0.300000  orientation 0.00
drill  0.000000
shape_offset  0.000000  0.000000
$EndPAD
$PAD "31"
Shape Roundrect Layer front
position -10.662500  6.250000  size  1.475000  0.300000  orientation 0.00
drill  0.000000
shape_offset  0.000000  0.000000
$EndPAD
$PAD "32"
Shape Roundrect Layer front
position -10.662500  6.750000  size  1.475000  0.300000  orientation 0.00
drill  0.000000
shape_offset  0.000000  0.000000
$EndPAD
$PAD "33"
Shape Roundrect Layer front
position -10.662500  7.250000  size  1.475000  0.300000  orientation 0.00
drill  0.000000
shape_offset  0.000000  0.000000
$EndPAD
$PAD "34"
Shape Roundrect Layer front
position -10.662500  7.750000  size  1.475000  0.300000  orientation 0.00
drill  0.000000
shape_offset  0.000000  0.000000
$EndPAD
$PAD "35"
Shape Roundrect Layer front
position -10.662500  8.250000  size  1.475000  0.300000  orientation 0.00
drill  0.000000
shape_offset  0.000000  0.000000
$EndPAD
$PAD "36"
Shape Roundrect Layer front
position -10.662500  8.750000  size  1.475000  0.300000  orientation 0.00
drill  0.000000
shape_offset  0.000000  0.000000
$EndPAD
$PAD "37"
Shape Roundrect Layer front
position -8.750000 10.662500  size  0.300000  1.475000  orientation 0.00
drill  0.000000
shape_offset  0.000000  0.000000
$EndPAD
$PAD "38"
Shape Roundrect Layer front
position -8.250000 10.662500  size  0.300000  1.475000  orientation 0.00
drill  0.000000
shape_offset  0.000000  0.000000
$EndPAD
$PAD "39"
Shape Roundrect Layer front
position -7.750000 10.662500  size  0.300000  1.475000  orientation 0.00
drill  0.000000
shape_offset  0.000000  0.000000
$EndPAD
$PAD "40"
Shape Roundrect Layer front
position -7.250000 10.662500  size  0.300000  1.475000  orientation 0.00
drill  0.000000
shape_offset  0.000000  0.000000
$EndPAD
$PAD "41"
Shape Roundrect Layer front
position -6.750000 10.662500  size  0.300000  1.475000  orientation 0.00
drill  0.000000
shape_offset  0.000000  0.000000
$EndPAD
$PAD "42"
Shape Roundrect Layer front
position -6.250000 10.662500  size  0.300000  1.475000  orientation 0.00
drill  0.000000
shape_offset  0.000000  0.000000
$EndPAD
$PAD "43"
Shape Roundrect Layer front
position -5.750000 10.662500  size  0.300000  1.475000  orientation 0.00
drill  0.000000
shape_offset  0.000000  0.000000
$EndPAD
$PAD "44"
Shape Roundrect Layer front
position -5.250000 10.662500  size  0.300000  1.475000  orientation 0.00
drill  0.000000
shape_offset  0.000000  0.000000
$EndPAD
$PAD "45"
Shape Roundrect Layer front
position -4.750000 10.662500  size  0.300000  1.475000  orientation 0.00
drill  0.000000
shape_offset  0.000000  0.000000
$EndPAD
$PAD "46"
Shape Roundrect Layer front
position -4.250000 10.662500  size  0.300000  1.475000  orientation 0.00
drill  0.000000
shape_offset  0.000000  0.000000
$EndPAD
$PAD "47"
Shape Roundrect Layer front
position -3.750000 10.662500  size  0.300000  1.475000  orientation 0.00
drill  0.000000
shape_offset  0.000000  0.000000
$EndPAD
$PAD "48"
Shape Roundrect Layer front
position -3.250000 10.662500  size  0.300000  1.475000  orientation 0.00
drill  0.000000
shape_offset  0.000000  0.000000
$EndPAD
$PAD "49"
Shape Roundrect Layer front
position -2.750000 10.662500  size  0.300000  1.475000  orientation 0.00
drill  0.000000
shape_offset  0.000000  0.000000
$EndPAD
$PAD "50"
Shape Roundrect Layer front
position -2.250000 10.662500  size  0.300000  1.475000  orientation 0.00
drill  0.000000
shape_offset  0.000000  0.000000
$EndPAD
$PAD "51"
Shape Roundrect Layer front
position -1.750000 10.662500  size  0.300000  1.475000  orientation 0.00
drill  0.000000
shape_offset  0.000000  0.000000
$EndPAD
$PAD "52"
Shape Roundrect Layer front
position -1.250000 10.662500  size  0.300000  1.475000  orientation 0.00
drill  0.000000
shape_offset  0.000000  0.000000
$EndPAD
$PAD "53"
Shape Roundrect Layer front
position -0.750000 10.662500  size  0.300000  1.475000  orientation 0.00
drill  0.000000
shape_offset  0.000000  0.000000
$EndPAD
$PAD "54"
Shape Roundrect Layer front
position -0.250000 10.662500  size  0.300000  1.475000  orientation 0.00
drill  0.000000
shape_offset  0.000000  0.000000
$EndPAD
$PAD "55"
Shape Roundrect Layer front
position  0.250000 10.662500  size  0.300000  1.475000  orientation 0.00
drill  0.000000
shape_offset  0.000000  0.000000
$EndPAD
$PAD "56"
Shape Roundrect Layer front
position  0.750000 10.662500  size  0.300000  1.475000  orientation 0.00
drill  0.000000
shape_offset  0.000000  0.000000
$EndPAD
$PAD "57"
Shape Roundrect Layer front
position  1.250000 10.662500  size  0.300000  1.475000  orientation 0.00
drill  0.000000
shape_offset  0.000000  0.000000
$EndPAD
$PAD "58"
Shape Roundrect Layer front
position  1.750000 10.662500  size  0.300000  1.475000  orientation 0.00
drill  0.000000
shape_offset  0.000000  0.000000
$EndPAD
$PAD "59"
Shape Roundrect Layer front
position  2.250000 10.662500  size  0.300000  1.475000  orientation 0.00
drill  0.000000
shape_offset  0.000000  0.000000
$EndPAD
$PAD "60"
Shape Roundrect Layer front
position  2.750000 10.662500  size  0.300000  1.475000  orientation 0.00
drill  0.000000
shape_offset  0.000000  0.000000
$EndPAD
$PAD "61"
Shape Roundrect Layer front
position  3.250000 10.662500  size  0.300000  1.475000  orientation 0.00
drill  0.000000
shape_offset  0.000000  0.000000
$EndPAD
$PAD "62"
Shape Roundrect Layer front
position  3.750000 10.662500  size  0.300000  1.475000  orientation 0.00
drill  0.000000
shape_offset  0.000000  0.000000
$EndPAD
$PAD "63"
Shape Roundrect Layer front
position  4.250000 10.662500  size  0.300000  1.475000  orientation 0.00
drill  0.000000
shape_offset  0.000000  0.000000
$EndPAD
$PAD "64"
Shape Roundrect Layer front
position  4.750000 10.662500  size  0.300000  1.475000  orientation 0.00
drill  0.000000
shape_offset  0.000000  0.000000
$EndPAD
$PAD "65"
Shape Roundrect Layer front
position  5.250000 10.662500  size  0.300000  1.475000  orientation 0.00
drill  0.000000
shape_offset  0.000000  0.000000
$EndPAD
$PAD "66"
Shape Roundrect Layer front
position  5.750000 10.662500  size  0.300000  1.475000  orientation 0.00
drill  0.000000
shape_offset  0.000000  0.000000
$EndPAD
$PAD "67"
Shape Roundrect Layer front
position  6.250000 10.662500  size  0.300000  1.475000  orientation 0.00
drill  0.000000
shape_offset  0.000000  0.000000
$EndPAD
$PAD "68"
Shape Roundrect Layer front
position  6.750000 10.662500  size  0.300000  1.475000  orientation 0.00
drill  0.000000
shape_offset  0.000000  0.000000
$EndPAD
$PAD "69"
Shape Roundrect Layer front
position  7.250000 10.662500  size  0.300000  1.475000  orientation 0.00
drill  0.000000
shape_offset  0.000000  0.000000
$EndPAD
$PAD "70"
Shape Roundrect Layer front
position  7.750000 10.662500  size  0.300000  1.475000  orientation 0.00
drill  0.000000
shape_offset  0.000000  0.000000
$EndPAD
$PAD "71"
Shape Roundrect Layer front
position  8.250000 10.662500  size  0.300000  1.475000  orientation 0.00
drill  0.000000
shape_offset  0.000000  0.000000
$EndPAD
$PAD "72"
Shape Roundrect Layer front
position  8.750000 10.662500  size  0.300000  1.475000  orientation 0.00
drill  0.000000
shape_offset  0.000000  0.000000
$EndPAD
$PAD "73"
Shape Roundrect Layer front
position 10.662500  8.750000  size  1.475000  0.300000  orientation 0.00
drill  0.000000
shape_offset  0.000000  0.000000
$EndPAD
$PAD "74"
Shape Roundrect Layer front
position 10.662500  8.250000  size  1.475000  0.300000  orientation 0.00
drill  0.000000
shape_offset  0.000000  0.000000
$EndPAD
$PAD "75"
Shape Roundrect Layer front
position 10.662500  7.750000  size  1.475000  0.300000  orientation 0.00
drill  0.000000
shape_offset  0.000000  0.000000
$EndPAD
$PAD "76"
Shape Roundrect Layer front
position 10.662500  7.250000  size  1.475000  0.300000  orientation 0.00
drill  0.000000
shape_offset  0.000000  0.000000
$EndPAD
$PAD "77"
Shape Roundrect Layer front
position 10.662500  6.750000  size  1.475000  0.300000  orientation 0.00
drill  0.000000
shape_offset  0.000000  0.000000
$EndPAD
$PAD "78"
Shape Roundrect Layer front
position 10.662500  6.250000  size  1.475000  0.300000  orientation 0.00
drill  0.000000
shape_offset  0.000000  0.000000
$EndPAD
$PAD "79"
Shape Roundrect Layer front
position 10.662500  5.750000  size  1.475000  0.300000  orientation 0.00
drill  0.000000
shape_offset  0.000000  0.000000
$EndPAD
$PAD "80"
Shape Roundrect Layer front
position 10.662500  5.250000  size  1.475000  0.300000  orientation 0.00
drill  0.000000
shape_offset  0.000000  0.000000
$EndPAD
$PAD "81"
Shape Roundrect Layer front
position 10.662500  4.750000  size  1.475000  0.300000  orientation 0.00
drill  0.000000
shape_offset  0.000000  0.000000
$EndPAD
$PAD "82"
Shape Roundrect Layer front
position 10.662500  4.250000  size  1.475000  0.300000  orientation 0.00
drill  0.000000
shape_offset  0.000000  0.000000
$EndPAD
$PAD "83"
Shape Roundrect Layer front
position 10.662500  3.750000  size  1.475000  0.300000  orientation 0.00
drill  0.000000
shape_offset  0.000000  0.000000
$EndPAD
$PAD "84"
Shape Roundrect Layer front
position 10.662500  3.250000  size  1.475000  0.300000  orientation 0.00
drill  0.000000
shape_offset  0.000000  0.000000
$EndPAD
$PAD "85"
Shape Roundrect Layer front
position 10.662500  2.750000  size  1.475000  0.300000  orientation 0.00
drill  0.000000
shape_offset  0.000000  0.000000
$EndPAD
$PAD "86"
Shape Roundrect Layer front
position 10.662500  2.250000  size  1.475000  0.300000  orientation 0.00
drill  0.000000
shape_offset  0.000000  0.000000
$EndPAD
$PAD "87"
Shape Roundrect Layer front
position 10.662500  1.750000  size  1.475000  0.300000  orientation 0.00
drill  0.000000
shape_offset  0.000000  0.000000
$EndPAD
$PAD "88"
Shape Roundrect Layer front
position 10.662500  1.250000  size  1.475000  0.300000  orientation 0.00
drill  0.000000
shape_offset  0.000000  0.000000
$EndPAD
$PAD "89"
Shape Roundrect Layer front
position 10.662500  0.750000  size  1.475000  0.300000  orientation 0.00
drill  0.000000
shape_offset  0.000000  0.000000
$EndPAD
$PAD "90"
Shape Roundrect Layer front
position 10.662500  0.250000  size  1.475000  0.300000  orientation 0.00
drill  0.000000
shape_offset  0.000000  0.000000
$EndPAD
$PAD "91"
Shape Roundrect Layer front
position 10.662500 -0.250000  size  1.475000  0.300000  orientation 0.00
drill  0.000000
shape_offset  0.000000  0.000000
$EndPAD
$PAD "92"
Shape Roundrect Layer front
position 10.662500 -0.750000  size  1.475000  0.300000  orientation 0.00
drill  0.000000
shape_offset  0.000000  0.000000
$EndPAD
$PAD "93"
Shape Roundrect Layer front
position 10.662500 -1.250000  size  1.475000  0.300000  orientation 0.00
drill  0.000000
shape_offset  0.000000  0.000000
$EndPAD
$PAD "94"
Shape Roundrect Layer front
position 10.662500 -1.750000  size  1.475000  0.300000  orientation 0.00
drill  0.000000
shape_offset  0.000000  0.000000
$EndPAD
$PAD "95"
Shape Roundrect Layer front
position 10.662500 -2.250000  size  1.475000  0.300000  orientation 0.00
drill  0.000000
shape_offset  0.000000  0.000000
$EndPAD
$PAD "96"
Shape Roundrect Layer front
position 10.662500 -2.750000  size  1.475000  0.300000  orientation 0.00
drill  0.000000
shape_offset  0.000000  0.000000
$EndPAD
$PAD "97"
Shape Roundrect Layer front
position 10.662500 -3.250000  size  1.475000  0.300000  orientation 0.00
drill  0.000000
shape_offset  0.000000  0.000000
$EndPAD
$PAD "98"
Shape Roundrect Layer front
position 10.662500 -3.750000  size  1.475000  0.300000  orientation 0.00
drill  0.000000
shape_offset  0.000000  0.000000
$EndPAD
$PAD "99"
Shape Roundrect Layer front
position 10.662500 -4.250000  size  1.475000  0.300000  orientation 0.00
drill  0.000000
shape_offset  0.000000  0.000000
$EndPAD
$PAD "100"
Shape Roundrect Layer front
position 10.662500 -4.750000  size  1.475000  0.300000  orientation 0.00
drill  0.000000
shape_offset  0.000000  0.000000
$EndPAD
$PAD "101"
Shape Roundrect Layer front
position 10.662500 -5.250000  size  1.475000  0.300000  orientation 0.00
drill  0.000000
shape_offset  0.000000  0.000000
$EndPAD
$PAD "102"
Shape Roundrect Layer front
position 10.662500 -5.750000  size  1.475000  0.300000  orientation 0.00
drill  0.000000
shape_offset  0.000000  0.000000
$EndPAD
$PAD "103"
Shape Roundrect Layer front
position 10.662500 -6.250000  size  1.475000  0.300000  orientation 0.00
drill  0.000000
shape_offset  0.000000  0.000000
$EndPAD
$PAD "104"
Shape Roundrect Layer front
position 10.662500 -6.750000  size  1.475000  0.300000  orientation 0.00
drill  0.000000
shape_offset  0.000000  0.000000
$EndPAD
$PAD "105"
Shape Roundrect Layer front
position 10.662500 -7.250000  size  1.475000  0.300000  orientation 0.00
drill  0.000000
shape_offset  0.000000  0.000000
$EndPAD
$PAD "106"
Shape Roundrect Layer front
position 10.662500 -7.750000  size  1.475000  0.300000  orientation 0.00
drill  0.000000
shape_offset  0.000000  0.000000
$EndPAD
$PAD "107"
Shape Roundrect Layer front
position 10.662500 -8.250000  size  1.475000  0.300000  orientation 0.00
drill  0.000000
shape_offset  0.000000  0.000000
$EndPAD
$PAD "108"
Shape Roundrect Layer front
position 10.662500 -8.750000  size  1.475000  0.300000  orientation 0.00
drill  0.000000
shape_offset  0.000000  0.000000
$EndPAD
$PAD "109"
Shape Roundrect Layer front
position  8.750000 -10.662500  size  0.300000  1.475000  orientation 0.00
drill  0.000000
shape_offset  0.000000  0.000000
$EndPAD
$PAD "110"
Shape Roundrect Layer front
position  8.250000 -10.662500  size  0.300000  1.475000  orientation 0.00
drill  0.000000
shape_offset  0.000000  0.000000
$EndPAD
$PAD "111"
Shape Roundrect Layer front
position  7.750000 -10.662500  size  0.300000  1.475000  orientation 0.00
drill  0.000000
shape_offset  0.000000  0.000000
$EndPAD
$PAD "112"
Shape Roundrect Layer front
position  7.250000 -10.662500  size  0.300000  1.475000  orientation 0.00
drill  0.000000
shape_offset  0.000000  0.000000
$EndPAD
$PAD "113"
Shape Roundrect Layer front
position  6.750000 -10.662500  size  0.300000  1.475000  orientation 0.00
drill  0.000000
shape_offset  0.000000  0.000000
$EndPAD
$PAD "114"
Shape Roundrect Layer front
position  6.250000 -10.662500  size  0.300000  1.475000  orientation 0.00
drill  0.000000
shape_offset  0.000000  0.000000
$EndPAD
$PAD "115"
Shape Roundrect Layer front
position  5.750000 -10.662500  size  0.300000  1.475000  orientation 0.00
drill  0.000000
shape_offset  0.000000  0.000000
$EndPAD
$PAD "116"
Shape Roundrect Layer front
position  5.250000 -10.662500  size  0.300000  1.475000  orientation 0.00
drill  0.000000
shape_offset  0.000000  0.000000
$EndPAD
$PAD "117"
Shape Roundrect Layer front
position  4.750000 -10.662500  size  0.300000  1.475000  orientation 0.00
drill  0.000000
shape_offset  0.000000  0.000000
$EndPAD
$PAD "118"
Shape Roundrect Layer front
position  4.250000 -10.662500  size  0.300000  1.475000  orientation 0.00
drill  0.000000
shape_offset  0.000000  0.000000
$EndPAD
$PAD "119"
Shape Roundrect Layer front
position  3.750000 -10.662500  size  0.300000  1.475000  orientation 0.00
drill  0.000000
shape_offset  0.000000  0.000000
$EndPAD
$PAD "120"
Shape Roundrect Layer front
position  3.250000 -10.662500  size  0.300000  1.475000  orientation 0.00
drill  0.000000
shape_offset  0.000000  0.000000
$EndPAD
$PAD "121"
Shape Roundrect Layer front
position  2.750000 -10.662500  size  0.300000  1.475000  orientation 0.00
drill  0.000000
shape_offset  0.000000  0.000000
$EndPAD
$PAD "122"
Shape Roundrect Layer front
position  2.250000 -10.662500  size  0.300000  1.475000  orientation 0.00
drill  0.000000
shape_offset  0.000000  0.000000
$EndPAD
$PAD "123"
Shape Roundrect Layer front
position  1.750000 -10.662500  size  0.300000  1.475000  orientation 0.00
drill  0.000000
shape_offset  0.000000  0.000000
$EndPAD
$PAD "124"
Shape Roundrect Layer front
position  1.250000 -10.662500  size  0.300000  1.475000  orientation 0.00
drill  0.000000
shape_offset  0.000000  0.000000
$EndPAD
$PAD "125"
Shape Roundrect Layer front
position  0.750000 -10.662500  size  0.300000  1.475000  orientation 0.00
drill  0.000000
shape_offset  0.000000  0.000000
$EndPAD
$PAD "126"
Shape Roundrect Layer front
position  0.250000 -10.662500  size  0.300000  1.475000  orientation 0.00
drill  0.000000
shape_offset  0.000000  0.000000
$EndPAD
$PAD "127"
Shape Roundrect Layer front
position -0.250000 -10.662500  size  0.300000  1.475000  orientation 0.00
drill  0.000000
shape_offset  0.000000  0.000000
$EndPAD
$PAD "128"
Shape Roundrect Layer front
position -0.750000 -10.662500  size  0.300000  1.475000  orientation 0.00
drill  0.000000
shape_offset  0.000000  0.000000
$EndPAD
$PAD "129"
Shape Roundrect Layer front
position -1.250000 -10.662500  size  0.300000  1.475000  orientation 0.00
drill  0.000000
shape_offset  0.000000  0.000000
$EndPAD
$PAD "130"
Shape Roundrect Layer front
position -1.750000 -10.662500  size  0.300000  1.475000  orientation 0.00
drill  0.000000
shape_offset  0.000000  0.000000
$EndPAD
$PAD "131"
Shape Roundrect Layer front
position -2.250000 -10.662500  size  0.300000  1.475000  orientation 0.00
drill  0.000000
shape_offset  0.000000  0.000000
$EndPAD
$PAD "132"
Shape Roundrect Layer front
position -2.750000 -10.662500  size  0.300000  1.475000  orientation 0.00
drill  0.000000
shape_offset  0.000000  0.000000
$EndPAD
$PAD "133"
Shape Roundrect Layer front
position -3.250000 -10.662500  size  0.300000  1.475000  orientation 0.00
drill  0.000000
shape_offset  0.000000  0.000000
$EndPAD
$PAD "134"
Shape Roundrect Layer front
position -3.750000 -10.662500  size  0.300000  1.475000  orientation 0.00
drill  0.000000
shape_offset  0.000000  0.000000
$EndPAD
$PAD "135"
Shape Roundrect Layer front
position -4.250000 -10.662500  size  0.300000  1.475000  orientation 0.00
drill  0.000000
shape_offset  0.000000  0.000000
$EndPAD
$PAD "136"
Shape Roundrect Layer front
position -4.750000 -10.662500  size  0.300000  1.475000  orientation 0.00
drill  0.000000
shape_offset  0.000000  0.000000
$EndPAD
$PAD "137"
Shape Roundrect Layer front
position -5.250000 -10.662500  size  0.300000  1.475000  orientation 0.00
drill  0.000000
shape_offset  0.000000  0.000000
$EndPAD
$PAD "138"
Shape Roundrect Layer front
position -5.750000 -10.662500  size  0.300000  1.475000  orientation 0.00
drill  0.000000
shape_offset  0.000000  0.000000
$EndPAD
$PAD "139"
Shape Roundrect Layer front
position -6.250000 -10.662500  size  0.300000  1.475000  orientation 0.00
drill  0.000000
shape_offset  0.000000  0.000000
$EndPAD
$PAD "140"
Shape Roundrect Layer front
position -6.750000 -10.662500  size  0.300000  1.475000  orientation 0.00
drill  0.000000
shape_offset  0.000000  0.000000
$EndPAD
$PAD "141"
Shape Roundrect Layer front
position -7.250000 -10.662500  size  0.300000  1.475000  orientation 0.00
drill  0.000000
shape_offset  0.000000  0.000000
$EndPAD
$PAD "142"
Shape Roundrect Layer front
position -7.750000 -10.662500  size  0.300000  1.475000  orientation 0.00
drill  0.000000
shape_offset  0.000000  0.000000
$EndPAD
$PAD "143"
Shape Roundrect Layer front
position -8.250000 -10.662500  size  0.300000  1.475000  orientation 0.00
drill  0.000000
shape_offset  0.000000  0.000000
$EndPAD
$PAD "144"
Shape Roundrect Layer front
position -8.750000 -10.662500  size  0.300000  1.475000  orientation 0.00
drill  0.000000
shape_offset  0.000000  0.000000
$EndPAD
$EndMODULE  U5

$MODULE U6
footprint Package_SO:SOIC-8_3.9x4.9mm_P1.27mm
attribut smd
position 122.620000 114.665000  orientation 180.00
layer front
$PAD "1"
Shape Roundrect Layer front
position -2.475000 -1.905000  size  1.950000  0.600000  orientation 0.00
drill  0.000000
shape_offset  0.000000  0.000000
$EndPAD
$PAD "2"
Shape Roundrect Layer front
position -2.475000 -0.635000  size  1.950000  0.600000  orientation 0.00
drill  0.000000
shape_offset  0.000000  0.000000
$EndPAD
$PAD "3"
Shape Roundrect Layer front
position -2.475000  0.635000  size  1.950000  0.600000  orientation 0.00
drill  0.000000
shape_offset  0.000000  0.000000
$EndPAD
$PAD "4"
Shape Roundrect Layer front
position -2.475000  1.905000  size  1.950000  0.600000  orientation 0.00
drill  0.000000
shape_offset  0.000000  0.000000
$EndPAD
$PAD "5"
Shape Roundrect Layer front
position  2.475000  1.905000  size  1.950000  0.600000  orientation 0.00
drill  0.000000
shape_offset  0.000000  0.000000
$EndPAD
$PAD "6"
Shape Roundrect Layer front
position  2.475000  0.635000  size  1.950000  0.600000  orientation 0.00
drill  0.000000
shape_offset  0.000000  0.000000
$EndPAD
$PAD "7"
Shape Roundrect Layer front
position  2.475000 -0.635000  size  1.950000  0.600000  orientation 0.00
drill  0.000000
shape_offset  0.000000  0.000000
$EndPAD
$PAD "8"
Shape Roundrect Layer front
position  2.475000 -1.905000  size  1.950000  0.600000  orientation 0.00
drill  0.000000
shape_offset  0.000000  0.000000
$EndPAD
$EndMODULE  U6

$MODULE U7
footprint RF_Module:ESP32-C3-WROOM-02
attribut smd
position 119.830000 84.710000  orientation 0.00
layer front
$PAD ""
Shape Rect Layer nocopper
position -0.140000 -0.900000  size  0.700000  0.700000  orientation 0.00
drill  0.000000
shape_offset  0.000000  0.000000
$EndPAD
$PAD ""
Shape Rect Layer nocopper
position -0.140000  0.200000  size  0.700000  0.700000  orientation 0.00
drill  0.000000
shape_offset  0.000000  0.000000
$EndPAD
$PAD ""
Shape Rect Layer nocopper
position -0.140000  1.300000  size  0.700000  0.700000  orientation 0.00
drill  0.000000
shape_offset  0.000000  0.000000
$EndPAD
$PAD ""
Shape Rect Layer nocopper
position  0.960000 -0.900000  size  0.700000  0.700000  orientation 0.00
drill  0.000000
shape_offset  0.000000  0.000000
$EndPAD
$PAD ""
Shape Rect Layer nocopper
position  0.960000  0.200000  size  0.700000  0.700000  orientation 0.00
drill  0.000000
shape_offset  0.000000  0.000000
$EndPAD
$PAD ""
Shape Rect Layer nocopper
position  0.960000  1.300000  size  0.700000  0.700000  orientation 0.00
drill  0.000000
shape_offset  0.000000  0.000000
$EndPAD
$PAD ""
Shape Rect Layer nocopper
position  2.060000 -0.900000  size  0.700000  0.700000  orientation 0.00
drill  0.000000
shape_offset  0.000000  0.000000
$EndPAD
$PAD ""
Shape Rect Layer nocopper
position  2.060000  0.200000  size  0.700000  0.700000  orientation 0.00
drill  0.000000
shape_offset  0.000000  0.000000
$EndPAD
$PAD ""
Shape Rect Layer nocopper
position  2.060000  1.300000  size  0.700000  0.700000  orientation 0.00
drill  0.000000
shape_offset  0.000000  0.000000
$EndPAD
$PAD "1"
Shape Rect Layer front
position -8.750000 -6.000000  size  1.500000  0.900000  orientation 0.00
drill  0.000000
shape_offset  0.000000  0.000000
$EndPAD
$PAD "2"
Shape Rect Layer front
position -8.750000 -4.500000  size  1.500000  0.900000  orientation 0.00
drill  0.000000
shape_offset  0.000000  0.000000
$EndPAD
$PAD "3"
Shape Rect Layer front
position -8.750000 -3.000000  size  1.500000  0.900000  orientation 0.00
drill  0.000000
shape_offset  0.000000  0.000000
$EndPAD
$PAD "4"
Shape Rect Layer front
position -8.750000 -1.500000  size  1.500000  0.900000  orientation 0.00
drill  0.000000
shape_offset  0.000000  0.000000
$EndPAD
$PAD "5"
Shape Rect Layer front
position -8.750000  0.000000  size  1.500000  0.900000  orientation 0.00
drill  0.000000
shape_offset  0.000000  0.000000
$EndPAD
$PAD "6"
Shape Rect Layer front
position -8.750000  1.500000  size  1.500000  0.900000  orientation 0.00
drill  0.000000
shape_offset  0.000000  0.000000
$EndPAD
$PAD "7"
Shape Rect Layer front
position -8.750000  3.000000  size  1.500000  0.900000  orientation 0.00
drill  0.000000
shape_offset  0.000000  0.000000
$EndPAD
$PAD "8"
Shape Rect Layer front
position -8.750000  4.500000  size  1.500000  0.900000  orientation 0.00
drill  0.000000
shape_offset  0.000000  0.000000
$EndPAD
$PAD "9"
Shape Rect Layer front
position -8.750000  6.000000  size  1.500000  0.900000  orientation 0.00
drill  0.000000
shape_offset  0.000000  0.000000
$EndPAD
$PAD "10"
Shape Rect Layer front
position  8.750000  6.000000  size  1.500000  0.900000  orientation 0.00
drill  0.000000
shape_offset  0.000000  0.000000
$EndPAD
$PAD "11"
Shape Rect Layer front
position  8.750000  4.500000  size  1.500000  0.900000  orientation 0.00
drill  0.000000
shape_offset  0.000000  0.000000
$EndPAD
$PAD "12"
Shape Rect Layer front
position  8.750000  3.000000  size  1.500000  0.900000  orientation 0.00
drill  0.000000
shape_offset  0.000000  0.000000
$EndPAD
$PAD "13"
Shape Rect Layer front
position  8.750000  1.500000  size  1.500000  0.900000  orientation 0.00
drill  0.000000
shape_offset  0.000000  0.000000
$EndPAD
$PAD "14"
Shape Rect Layer front
position  8.750000  0.000000  size  1.500000  0.900000  orientation 0.00
drill  0.000000
shape_offset  0.000000  0.000000
$EndPAD
$PAD "15"
Shape Rect Layer front
position  8.750000 -1.500000  size  1.500000  0.900000  orientation 0.00
drill  0.000000
shape_offset  0.000000  0.000000
$EndPAD
$PAD "16"
Shape Rect Layer front
position  8.750000 -3.000000  size  1.500000  0.900000  orientation 0.00
drill  0.000000
shape_offset  0.000000  0.000000
$EndPAD
$PAD "17"
Shape Rect Layer front
position  8.750000 -4.500000  size  1.500000  0.900000  orientation 0.00
drill  0.000000
shape_offset  0.000000  0.000000
$EndPAD
$PAD "18"
Shape Rect Layer front
position  8.750000 -6.000000  size  1.500000  0.900000  orientation 0.00
drill  0.000000
shape_offset  0.000000  0.000000
$EndPAD
$PAD "19"
Shape Circle Layer both
position -0.140000 -0.350000  size  0.600000  0.600000  orientation 0.00
drill  0.200000
shape_offset  0.000000  0.000000
$EndPAD
$PAD "19"
Shape Circle Layer both
position -0.140000  0.750000  size  0.600000  0.600000  orientation 0.00
drill  0.200000
shape_offset  0.000000  0.000000
$EndPAD
$PAD "19"
Shape Circle Layer both
position  0.410000 -0.900000  size  0.600000  0.600000  orientation 0.00
drill  0.200000
shape_offset  0.000000  0.000000
$EndPAD
$PAD "19"
Shape Circle Layer both
position  0.410000  0.200000  size  0.600000  0.600000  orientation 0.00
drill  0.200000
shape_offset  0.000000  0.000000
$EndPAD
$PAD "19"
Shape Circle Layer both
position  0.410000  1.300000  size  0.600000  0.600000  orientation 0.00
drill  0.200000
shape_offset  0.000000  0.000000
$EndPAD
$PAD "19"
Shape Circle Layer both
position  0.960000 -0.350000  size  0.600000  0.600000  orientation 0.00
drill  0.200000
shape_offset  0.000000  0.000000
$EndPAD
$PAD "19"
Shape Rect Layer front
position  0.960000  0.200000  size  2.900000  2.900000  orientation 0.00
drill  0.000000
shape_offset  0.000000  0.000000
$EndPAD
$PAD "19"
Shape Circle Layer both
position  0.960000  0.750000  size  0.600000  0.600000  orientation 0.00
drill  0.200000
shape_offset  0.000000  0.000000
$EndPAD
$PAD "19"
Shape Circle Layer both
position  1.510000 -0.900000  size  0.600000  0.600000  orientation 0.00
drill  0.200000
shape_offset  0.000000  0.000000
$EndPAD
$PAD "19"
Shape Circle Layer both
position  1.510000  0.200000  size  0.600000  0.600000  orientation 0.00
drill  0.200000
shape_offset  0.000000  0.000000
$EndPAD
$PAD "19"
Shape Circle Layer both
position  1.510000  1.300000  size  0.600000  0.600000  orientation 0.00
drill  0.200000
shape_offset  0.000000  0.000000
$EndPAD
$PAD "19"
Shape Circle Layer both
position  2.060000 -0.350000  size  0.600000  0.600000  orientation 0.00
drill  0.200000
shape_offset  0.000000  0.000000
$EndPAD
$PAD "19"
Shape Circle Layer both
position  2.060000  0.750000  size  0.600000  0.600000  orientation 0.00
drill  0.200000
shape_offset  0.000000  0.000000
$EndPAD
$EndMODULE  U7

$MODULE U8
footprint RAK3172:RAK3172
attribut smd
position 190.455000 83.065000  orientation 180.00
layer front
$PAD "1"
Shape Rect Layer front
position 13.500000 -14.945000  size  0.700000  1.800000  orientation 0.00
drill  0.000000
shape_offset  0.000000  0.000000
$EndPAD
$PAD "2"
Shape Rect Layer front
position 12.500000 -14.945000  size  0.700000  1.800000  orientation 0.00
drill  0.000000
shape_offset  0.000000  0.000000
$EndPAD
$PAD "3"
Shape Rect Layer front
position 11.500000 -14.945000  size  0.700000  1.800000  orientation 0.00
drill  0.000000
shape_offset  0.000000  0.000000
$EndPAD
$PAD "4"
Shape Rect Layer front
position 10.500000 -14.945000  size  0.700000  1.800000  orientation 0.00
drill  0.000000
shape_offset  0.000000  0.000000
$EndPAD
$PAD "5"
Shape Rect Layer front
position  9.500000 -14.945000  size  0.700000  1.800000  orientation 0.00
drill  0.000000
shape_offset  0.000000  0.000000
$EndPAD
$PAD "6"
Shape Rect Layer front
position  8.500000 -14.945000  size  0.700000  1.800000  orientation 0.00
drill  0.000000
shape_offset  0.000000  0.000000
$EndPAD
$PAD "7"
Shape Rect Layer front
position  7.500000 -14.945000  size  0.700000  1.800000  orientation 0.00
drill  0.000000
shape_offset  0.000000  0.000000
$EndPAD
$PAD "8"
Shape Rect Layer front
position  6.500000 -14.945000  size  0.700000  1.800000  orientation 0.00
drill  0.000000
shape_offset  0.000000  0.000000
$EndPAD
$PAD "9"
Shape Rect Layer front
position  5.500000 -14.945000  size  0.700000  1.800000  orientation 0.00
drill  0.000000
shape_offset  0.000000  0.000000
$EndPAD
$PAD "10"
Shape Rect Layer front
position  4.500000 -14.945000  size  0.700000  1.800000  orientation 0.00
drill  0.000000
shape_offset  0.000000  0.000000
$EndPAD
$PAD "11"
Shape Rect Layer front
position  3.500000 -14.945000  size  0.700000  1.800000  orientation 0.00
drill  0.000000
shape_offset  0.000000  0.000000
$EndPAD
$PAD "12"
Shape Rect Layer front
position  2.500000 -14.945000  size  0.700000  1.800000  orientation 0.00
drill  0.000000
shape_offset  0.000000  0.000000
$EndPAD
$PAD "13"
Shape Rect Layer front
position  0.365000 -6.990000  size  1.800000  0.700000  orientation 0.00
drill  0.000000
shape_offset  0.000000  0.000000
$EndPAD
$PAD "14"
Shape Rect Layer front
position  0.365000 -5.990000  size  1.800000  0.700000  orientation 0.00
drill  0.000000
shape_offset  0.000000  0.000000
$EndPAD
$PAD "15"
Shape Rect Layer front
position  0.365000 -4.990000  size  1.800000  0.700000  orientation 0.00
drill  0.000000
shape_offset  0.000000  0.000000
$EndPAD
$PAD "16"
Shape Rect Layer front
position  0.365000 -3.990000  size  1.800000  0.700000  orientation 0.00
drill  0.000000
shape_offset  0.000000  0.000000
$EndPAD
$PAD "17"
Shape Rect Layer front
position  2.500000 -0.145000  size  0.700000  1.800000  orientation 0.00
drill  0.000000
shape_offset  0.000000  0.000000
$EndPAD
$PAD "18"
Shape Rect Layer front
position  3.500000 -0.145000  size  0.700000  1.800000  orientation 0.00
drill  0.000000
shape_offset  0.000000  0.000000
$EndPAD
$PAD "19"
Shape Rect Layer front
position  4.500000 -0.145000  size  0.700000  1.800000  orientation 0.00
drill  0.000000
shape_offset  0.000000  0.000000
$EndPAD
$PAD "20"
Shape Rect Layer front
position  9.500000 -0.145000  size  0.700000  1.800000  orientation 0.00
drill  0.000000
shape_offset  0.000000  0.000000
$EndPAD
$PAD "21"
Shape Rect Layer front
position 10.500000 -0.145000  size  0.700000  1.800000  orientation 0.00
drill  0.000000
shape_offset  0.000000  0.000000
$EndPAD
$PAD "22"
Shape Rect Layer front
position 11.500000 -0.145000  size  0.700000  1.800000  orientation 0.00
drill  0.000000
shape_offset  0.000000  0.000000
$EndPAD
$PAD "23"
Shape Rect Layer front
position 12.500000 -0.145000  size  0.700000  1.800000  orientation 0.00
drill  0.000000
shape_offset  0.000000  0.000000
$EndPAD
$PAD "24"
Shape Rect Layer front
position 13.500000 -0.145000  size  0.700000  1.800000  orientation 0.00
drill  0.000000
shape_offset  0.000000  0.000000
$EndPAD
$PAD "25"
Shape Rect Layer front
position 15.165000 -3.990000  size  1.800000  0.700000  orientation 0.00
drill  0.000000
shape_offset  0.000000  0.000000
$EndPAD
$PAD "26"
Shape Rect Layer front
position 15.165000 -4.990000  size  1.800000  0.700000  orientation 0.00
drill  0.000000
shape_offset  0.000000  0.000000
$EndPAD
$PAD "27"
Shape Rect Layer front
position 15.165000 -5.990000  size  1.800000  0.700000  orientation 0.00
drill  0.000000
shape_offset  0.000000  0.000000
$EndPAD
$PAD "28"
Shape Rect Layer front
position 15.165000 -6.990000  size  1.800000  0.700000  orientation 0.00
drill  0.000000
shape_offset  0.000000  0.000000
$EndPAD
$PAD "29"
Shape Rect Layer front
position 15.165000 -7.990000  size  1.800000  0.700000  orientation 0.00
drill  0.000000
shape_offset  0.000000  0.000000
$EndPAD
$PAD "30"
Shape Rect Layer front
position 15.165000 -8.990000  size  1.800000  0.700000  orientation 0.00
drill  0.000000
shape_offset  0.000000  0.000000
$EndPAD
$PAD "31"
Shape Rect Layer front
position 15.165000 -9.990000  size  1.800000  0.700000  orientation 0.00
drill  0.000000
shape_offset  0.000000  0.000000
$EndPAD
$PAD "32"
Shape Rect Layer front
position 15.165000 -10.990000  size  1.800000  0.700000  orientation 0.00
drill  0.000000
shape_offset  0.000000  0.000000
$EndPAD
$EndMODULE  U8

$MODULE U9
footprint Package_SO:SOIC-8_3.9x4.9mm_P1.27mm
attribut smd
position 182.500000 119.400000  orientation -90.00
layer back
$PAD "1"
Shape Roundrect Layer back
position -2.475000  1.905000  size  1.950000  0.600000  orientation 360.00
drill  0.000000
shape_offset  0.000000  0.000000
$EndPAD
$PAD "2"
Shape Roundrect Layer back
position -2.475000  0.635000  size  1.950000  0.600000  orientation 360.00
drill  0.000000
shape_offset  0.000000  0.000000
$EndPAD
$PAD "3"
Shape Roundrect Layer back
position -2.475000 -0.635000  size  1.950000  0.600000  orientation 360.00
drill  0.000000
shape_offset  0.000000  0.000000
$EndPAD
$PAD "4"
Shape Roundrect Layer back
position -2.475000 -1.905000  size  1.950000  0.600000  orientation 360.00
drill  0.000000
shape_offset  0.000000  0.000000
$EndPAD
$PAD "5"
Shape Roundrect Layer back
position  2.475000 -1.905000  size  1.950000  0.600000  orientation 360.00
drill  0.000000
shape_offset  0.000000  0.000000
$EndPAD
$PAD "6"
Shape Roundrect Layer back
position  2.475000 -0.635000  size  1.950000  0.600000  orientation 360.00
drill  0.000000
shape_offset  0.000000  0.000000
$EndPAD
$PAD "7"
Shape Roundrect Layer back
position  2.475000  0.635000  size  1.950000  0.600000  orientation 360.00
drill  0.000000
shape_offset  0.000000  0.000000
$EndPAD
$PAD "8"
Shape Roundrect Layer back
position  2.475000  1.905000  size  1.950000  0.600000  orientation 360.00
drill  0.000000
shape_offset  0.000000  0.000000
$EndPAD
$EndMODULE  U9

$MODULE U10
footprint Package_SO:SOIC-8_3.9x4.9mm_P1.27mm
attribut smd
position 167.200000 121.000000  orientation 0.00
layer back
$PAD "1"
Shape Roundrect Layer back
position -2.475000  1.905000  size  1.950000  0.600000  orientation 0.00
drill  0.000000
shape_offset  0.000000  0.000000
$EndPAD
$PAD "2"
Shape Roundrect Layer back
position -2.475000  0.635000  size  1.950000  0.600000  orientation 0.00
drill  0.000000
shape_offset  0.000000  0.000000
$EndPAD
$PAD "3"
Shape Roundrect Layer back
position -2.475000 -0.635000  size  1.950000  0.600000  orientation 0.00
drill  0.000000
shape_offset  0.000000  0.000000
$EndPAD
$PAD "4"
Shape Roundrect Layer back
position -2.475000 -1.905000  size  1.950000  0.600000  orientation 0.00
drill  0.000000
shape_offset  0.000000  0.000000
$EndPAD
$PAD "5"
Shape Roundrect Layer back
position  2.475000 -1.905000  size  1.950000  0.600000  orientation 0.00
drill  0.000000
shape_offset  0.000000  0.000000
$EndPAD
$PAD "6"
Shape Roundrect Layer back
position  2.475000 -0.635000  size  1.950000  0.600000  orientation 0.00
drill  0.000000
shape_offset  0.000000  0.000000
$EndPAD
$PAD "7"
Shape Roundrect Layer back
position  2.475000  0.635000  size  1.950000  0.600000  orientation 0.00
drill  0.000000
shape_offset  0.000000  0.000000
$EndPAD
$PAD "8"
Shape Roundrect Layer back
position  2.475000  1.905000  size  1.950000  0.600000  orientation 0.00
drill  0.000000
shape_offset  0.000000  0.000000
$EndPAD
$EndMODULE  U10

$MODULE U11
footprint SGP41-D-R4:XDCR_SGP41-D-R4
attribut smd
position 99.910000 99.560000  orientation 90.00
layer front
$PAD "1"
Shape Rect Layer front
position -1.150000 -0.800000  size  0.550000  0.400000  orientation 0.00
drill  0.000000
shape_offset  0.000000  0.000000
$EndPAD
$PAD "2"
Shape Rect Layer front
position -1.150000  0.000000  size  0.550000  0.400000  orientation 0.00
drill  0.000000
shape_offset  0.000000  0.000000
$EndPAD
$PAD "3"
Shape Rect Layer front
position -1.150000  0.800000  size  0.550000  0.400000  orientation 0.00
drill  0.000000
shape_offset  0.000000  0.000000
$EndPAD
$PAD "4"
Shape Rect Layer front
position  1.150000  0.800000  size  0.550000  0.400000  orientation 0.00
drill  0.000000
shape_offset  0.000000  0.000000
$EndPAD
$PAD "5"
Shape Rect Layer front
position  1.150000  0.000000  size  0.550000  0.400000  orientation 0.00
drill  0.000000
shape_offset  0.000000  0.000000
$EndPAD
$PAD "6"
Shape Rect Layer front
position  1.150000 -0.800000  size  0.550000  0.400000  orientation 0.00
drill  0.000000
shape_offset  0.000000  0.000000
$EndPAD
$PAD "7"
Shape CustomShape Layer front
position  0.000000  0.000000  size  0.500000  0.500000  orientation 0.00
drill  0.000000
shape_offset  0.000000  0.000000
$EndPAD
$EndMODULE  U11

$MODULE U12
footprint Sensor:Sensirion_SCD4x-1EP_10.1x10.1mm_P1.25mm_EP4.8x4.8mm
attribut smd
position 104.410000 111.530000  orientation 180.00
layer front
$PAD ""
Shape Roundrect Layer nocopper
position -1.200000 -1.200000  size  1.930000  1.930000  orientation 0.00
drill  0.000000
shape_offset  0.000000  0.000000
$EndPAD
$PAD ""
Shape Roundrect Layer nocopper
position -1.200000  1.200000  size  1.930000  1.930000  orientation 0.00
drill  0.000000
shape_offset  0.000000  0.000000
$EndPAD
$PAD ""
Shape Roundrect Layer nocopper
position  1.200000 -1.200000  size  1.930000  1.930000  orientation 0.00
drill  0.000000
shape_offset  0.000000  0.000000
$EndPAD
$PAD ""
Shape Roundrect Layer nocopper
position  1.200000  1.200000  size  1.930000  1.930000  orientation 0.00
drill  0.000000
shape_offset  0.000000  0.000000
$EndPAD
$PAD "1"
Shape Roundrect Layer front
position -4.150000 -2.500000  size  1.900000  0.850000  orientation 0.00
drill  0.000000
shape_offset  0.000000  0.000000
$EndPAD
$PAD "2"
Shape Roundrect Layer front
position -4.150000 -1.250000  size  1.900000  0.850000  orientation 0.00
drill  0.000000
shape_offset  0.000000  0.000000
$EndPAD
$PAD "3"
Shape Roundrect Layer front
position -4.150000  0.000000  size  1.900000  0.850000  orientation 0.00
drill  0.000000
shape_offset  0.000000  0.000000
$EndPAD
$PAD "4"
Shape Roundrect Layer front
position -4.150000  1.250000  size  1.900000  0.850000  orientation 0.00
drill  0.000000
shape_offset  0.000000  0.000000
$EndPAD
$PAD "5"
Shape Roundrect Layer front
position -4.150000  2.500000  size  1.900000  0.850000  orientation 0.00
drill  0.000000
shape_offset  0.000000  0.000000
$EndPAD
$PAD "6"
Shape Roundrect Layer front
position -2.500000  4.150000  size  0.850000  1.900000  orientation 0.00
drill  0.000000
shape_offset  0.000000  0.000000
$EndPAD
$PAD "7"
Shape Roundrect Layer front
position -1.250000  4.150000  size  0.850000  1.900000  orientation 0.00
drill  0.000000
shape_offset  0.000000  0.000000
$EndPAD
$PAD "8"
Shape Roundrect Layer front
position  0.000000  4.150000  size  0.850000  1.900000  orientation 0.00
drill  0.000000
shape_offset  0.000000  0.000000
$EndPAD
$PAD "9"
Shape Roundrect Layer front
position  1.250000  4.150000  size  0.850000  1.900000  orientation 0.00
drill  0.000000
shape_offset  0.000000  0.000000
$EndPAD
$PAD "10"
Shape Roundrect Layer front
position  2.500000  4.150000  size  0.850000  1.900000  orientation 0.00
drill  0.000000
shape_offset  0.000000  0.000000
$EndPAD
$PAD "11"
Shape Roundrect Layer front
position  4.150000  2.500000  size  1.900000  0.850000  orientation 0.00
drill  0.000000
shape_offset  0.000000  0.000000
$EndPAD
$PAD "12"
Shape Roundrect Layer front
position  4.150000  1.250000  size  1.900000  0.850000  orientation 0.00
drill  0.000000
shape_offset  0.000000  0.000000
$EndPAD
$PAD "13"
Shape Roundrect Layer front
position  4.150000  0.000000  size  1.900000  0.850000  orientation 0.00
drill  0.000000
shape_offset  0.000000  0.000000
$EndPAD
$PAD "14"
Shape Roundrect Layer front
position  4.150000 -1.250000  size  1.900000  0.850000  orientation 0.00
drill  0.000000
shape_offset  0.000000  0.000000
$EndPAD
$PAD "15"
Shape Roundrect Layer front
position  4.150000 -2.500000  size  1.900000  0.850000  orientation 0.00
drill  0.000000
shape_offset  0.000000  0.000000
$EndPAD
$PAD "16"
Shape Roundrect Layer front
position  2.500000 -4.150000  size  0.850000  1.900000  orientation 0.00
drill  0.000000
shape_offset  0.000000  0.000000
$EndPAD
$PAD "17"
Shape Roundrect Layer front
position  1.250000 -4.150000  size  0.850000  1.900000  orientation 0.00
drill  0.000000
shape_offset  0.000000  0.000000
$EndPAD
$PAD "18"
Shape Roundrect Layer front
position  0.000000 -4.150000  size  0.850000  1.900000  orientation 0.00
drill  0.000000
shape_offset  0.000000  0.000000
$EndPAD
$PAD "19"
Shape Roundrect Layer front
position -1.250000 -4.150000  size  0.850000  1.900000  orientation 0.00
drill  0.000000
shape_offset  0.000000  0.000000
$EndPAD
$PAD "20"
Shape Roundrect Layer front
position -2.500000 -4.150000  size  0.850000  1.900000  orientation 0.00
drill  0.000000
shape_offset  0.000000  0.000000
$EndPAD
$PAD "21"
Shape Rect Layer front
position  0.000000  0.000000  size  4.800000  4.800000  orientation 0.00
drill  0.000000
shape_offset  0.000000  0.000000
$EndPAD
$EndMODULE  U12

$MODULE U13
footprint OptoDevice:Lite-On_LTR-303ALS-01
attribut smd
position 143.920000 73.120000  orientation 0.00
layer front
$PAD "1"
Shape Roundrect Layer front
position -0.900000 -0.650000  size  0.650000  0.300000  orientation 0.00
drill  0.000000
shape_offset  0.000000  0.000000
$EndPAD
$PAD "2"
Shape Roundrect Layer front
position -0.900000  0.000000  size  0.650000  0.300000  orientation 0.00
drill  0.000000
shape_offset  0.000000  0.000000
$EndPAD
$PAD "3"
Shape Roundrect Layer front
position -0.900000  0.650000  size  0.650000  0.300000  orientation 0.00
drill  0.000000
shape_offset  0.000000  0.000000
$EndPAD
$PAD "4"
Shape Roundrect Layer front
position  0.900000  0.650000  size  0.650000  0.300000  orientation 0.00
drill  0.000000
shape_offset  0.000000  0.000000
$EndPAD
$PAD "5"
Shape Roundrect Layer front
position  0.900000  0.000000  size  0.650000  0.300000  orientation 0.00
drill  0.000000
shape_offset  0.000000  0.000000
$EndPAD
$PAD "6"
Shape Roundrect Layer front
position  0.900000 -0.650000  size  0.650000  0.300000  orientation 0.00
drill  0.000000
shape_offset  0.000000  0.000000
$EndPAD
$EndMODULE  U13

$MODULE U14
footprint Package_DFN_QFN:OnSemi_UDFN-16-1EP_1.35x3.3mm_P0.4mm_EP0.4x2.8mm
attribut smd
position 114.827500 110.780000  orientation 180.00
layer front
$PAD ""
Shape Roundrect Layer nocopper
position  0.000000 -0.930000  size  0.320000  0.750000  orientation 0.00
drill  0.000000
shape_offset  0.000000  0.000000
$EndPAD
$PAD ""
Shape Roundrect Layer nocopper
position  0.000000  0.000000  size  0.320000  0.750000  orientation 0.00
drill  0.000000
shape_offset  0.000000  0.000000
$EndPAD
$PAD ""
Shape Roundrect Layer nocopper
position  0.000000  0.930000  size  0.320000  0.750000  orientation 0.00
drill  0.000000
shape_offset  0.000000  0.000000
$EndPAD
$PAD "1"
Shape Roundrect Layer front
position -0.712500 -1.400000  size  0.625000  0.200000  orientation 0.00
drill  0.000000
shape_offset  0.000000  0.000000
$EndPAD
$PAD "2"
Shape Roundrect Layer front
position -0.712500 -1.000000  size  0.625000  0.200000  orientation 0.00
drill  0.000000
shape_offset  0.000000  0.000000
$EndPAD
$PAD "3"
Shape Roundrect Layer front
position -0.712500 -0.600000  size  0.625000  0.200000  orientation 0.00
drill  0.000000
shape_offset  0.000000  0.000000
$EndPAD
$PAD "4"
Shape Roundrect Layer front
position -0.712500 -0.200000  size  0.625000  0.200000  orientation 0.00
drill  0.000000
shape_offset  0.000000  0.000000
$EndPAD
$PAD "5"
Shape Roundrect Layer front
position -0.712500  0.200000  size  0.625000  0.200000  orientation 0.00
drill  0.000000
shape_offset  0.000000  0.000000
$EndPAD
$PAD "6"
Shape Roundrect Layer front
position -0.712500  0.600000  size  0.625000  0.200000  orientation 0.00
drill  0.000000
shape_offset  0.000000  0.000000
$EndPAD
$PAD "7"
Shape Roundrect Layer front
position -0.712500  1.000000  size  0.625000  0.200000  orientation 0.00
drill  0.000000
shape_offset  0.000000  0.000000
$EndPAD
$PAD "8"
Shape Roundrect Layer front
position -0.712500  1.400000  size  0.625000  0.200000  orientation 0.00
drill  0.000000
shape_offset  0.000000  0.000000
$EndPAD
$PAD "9"
Shape Roundrect Layer front
position  0.712500  1.400000  size  0.625000  0.200000  orientation 0.00
drill  0.000000
shape_offset  0.000000  0.000000
$EndPAD
$PAD "10"
Shape Roundrect Layer front
position  0.712500  1.000000  size  0.625000  0.200000  orientation 0.00
drill  0.000000
shape_offset  0.000000  0.000000
$EndPAD
$PAD "11"
Shape Roundrect Layer front
position  0.712500  0.600000  size  0.625000  0.200000  orientation 0.00
drill  0.000000
shape_offset  0.000000  0.000000
$EndPAD
$PAD "12"
Shape Roundrect Layer front
position  0.712500  0.200000  size  0.625000  0.200000  orientation 0.00
drill  0.000000
shape_offset  0.000000  0.000000
$EndPAD
$PAD "13"
Shape Roundrect Layer front
position  0.712500 -0.200000  size  0.625000  0.200000  orientation 0.00
drill  0.000000
shape_offset  0.000000  0.000000
$EndPAD
$PAD "14"
Shape Roundrect Layer front
position  0.712500 -0.600000  size  0.625000  0.200000  orientation 0.00
drill  0.000000
shape_offset  0.000000  0.000000
$EndPAD
$PAD "15"
Shape Roundrect Layer front
position  0.712500 -1.000000  size  0.625000  0.200000  orientation 0.00
drill  0.000000
shape_offset  0.000000  0.000000
$EndPAD
$PAD "16"
Shape Roundrect Layer front
position  0.712500 -1.400000  size  0.625000  0.200000  orientation 0.00
drill  0.000000
shape_offset  0.000000  0.000000
$EndPAD
$PAD "17"
Shape Rect Layer front
position  0.000000  0.000000  size  0.400000  2.800000  orientation 0.00
drill  0.000000
shape_offset  0.000000  0.000000
$EndPAD
$EndMODULE  U14

$MODULE U15
footprint Package_SO:SOIC-16W_7.5x10.3mm_P1.27mm
attribut smd
position 170.610000 112.735000  orientation 0.00
layer front
$PAD "1"
Shape Roundrect Layer front
position -4.650000 -4.445000  size  2.050000  0.600000  orientation 0.00
drill  0.000000
shape_offset  0.000000  0.000000
$EndPAD
$PAD "2"
Shape Roundrect Layer front
position -4.650000 -3.175000  size  2.050000  0.600000  orientation 0.00
drill  0.000000
shape_offset  0.000000  0.000000
$EndPAD
$PAD "3"
Shape Roundrect Layer front
position -4.650000 -1.905000  size  2.050000  0.600000  orientation 0.00
drill  0.000000
shape_offset  0.000000  0.000000
$EndPAD
$PAD "4"
Shape Roundrect Layer front
position -4.650000 -0.635000  size  2.050000  0.600000  orientation 0.00
drill  0.000000
shape_offset  0.000000  0.000000
$EndPAD
$PAD "5"
Shape Roundrect Layer front
position -4.650000  0.635000  size  2.050000  0.600000  orientation 0.00
drill  0.000000
shape_offset  0.000000  0.000000
$EndPAD
$PAD "6"
Shape Roundrect Layer front
position -4.650000  1.905000  size  2.050000  0.600000  orientation 0.00
drill  0.000000
shape_offset  0.000000  0.000000
$EndPAD
$PAD "7"
Shape Roundrect Layer front
position -4.650000  3.175000  size  2.050000  0.600000  orientation 0.00
drill  0.000000
shape_offset  0.000000  0.000000
$EndPAD
$PAD "8"
Shape Roundrect Layer front
position -4.650000  4.445000  size  2.050000  0.600000  orientation 0.00
drill  0.000000
shape_offset  0.000000  0.000000
$EndPAD
$PAD "9"
Shape Roundrect Layer front
position  4.650000  4.445000  size  2.050000  0.600000  orientation 0.00
drill  0.000000
shape_offset  0.000000  0.000000
$EndPAD
$PAD "10"
Shape Roundrect Layer front
position  4.650000  3.175000  size  2.050000  0.600000  orientation 0.00
drill  0.000000
shape_offset  0.000000  0.000000
$EndPAD
$PAD "11"
Shape Roundrect Layer front
position  4.650000  1.905000  size  2.050000  0.600000  orientation 0.00
drill  0.000000
shape_offset  0.000000  0.000000
$EndPAD
$PAD "12"
Shape Roundrect Layer front
position  4.650000  0.635000  size  2.050000  0.600000  orientation 0.00
drill  0.000000
shape_offset  0.000000  0.000000
$EndPAD
$PAD "13"
Shape Roundrect Layer front
position  4.650000 -0.635000  size  2.050000  0.600000  orientation 0.00
drill  0.000000
shape_offset  0.000000  0.000000
$EndPAD
$PAD "14"
Shape Roundrect Layer front
position  4.650000 -1.905000  size  2.050000  0.600000  orientation 0.00
drill  0.000000
shape_offset  0.000000  0.000000
$EndPAD
$PAD "15"
Shape Roundrect Layer front
position  4.650000 -3.175000  size  2.050000  0.600000  orientation 0.00
drill  0.000000
shape_offset  0.000000  0.000000
$EndPAD
$PAD "16"
Shape Roundrect Layer front
position  4.650000 -4.445000  size  2.050000  0.600000  orientation 0.00
drill  0.000000
shape_offset  0.000000  0.000000
$EndPAD
$EndMODULE  U15

$MODULE XTAL1
footprint digikey-footprints:SMD-2_3.2x1.5mm
attribut smd
position 138.820000 128.460000  orientation 180.00
layer front
$PAD "1"
Shape Rect Layer front
position -1.205000  0.000000  size  1.100000  1.900000  orientation 0.00
drill  0.000000
shape_offset  0.000000  0.000000
$EndPAD
$PAD "2"
Shape Rect Layer front
position  1.205000  0.000000  size  1.100000  1.900000  orientation 0.00
drill  0.000000
shape_offset  0.000000  0.000000
$EndPAD
$EndMODULE  XTAL1

$EndDESCRIPTION
